"Pot.ID","Population","Line","Replicate","Treatment","Soil.Mix.Batch.Number.x","Emergence","DayToBolt","DayToFlwr","EmergeToFlwr","FreshWt_g","SatWt_g","DriedWt_g","LeafArea","LeafPerimeter","SLA","LDMC","RWC","LeafNum_.07222021","LeafNum_08262021","NumRemoved_08262021","RosetteLeafNum_10042021","RosetteLeafNum_bolt","RosetteLeafNum_Flower","RosetteLeafNum","DryRosetteG","DryReproG","DryRootG","Root_to_Shoot","Repro_to_Ros","BranchStructure","LatBranches","PrimaryStalks","Height_cm","TotFruit","IJ_FruitCount","FruitCounter","FruitCollected","DoneFlwr","NumFlwrLeft","FruitColWt_mg","SeedColWt_mg","IJ_SeedCount","SeedCounter","FruitCount_BL","AG_biomass","l10_FreshWt","l10_SatWt","l10_DriedWt","SQR_DriedWt","l10_LeafArea","l10_LeafPer","l10_SLA","l10_LDMC","SQR_DryRosG","l10_DryRosG","l10_DryReproG","l10_AG_biomass","l10_R_to_R","l10_IJ_Fruits","AvgSeedWt","l10_IJ_Seeds","SQR_IJ_Seeds","AvgSeedNum","l10_AvgSeedNum","fitness","SQR_fitness"
"B12-11-C","BELM","12","11","Current","1",5,79,15,94,0.1012,0.1171,0.0079,5.25,16.013,664.556962025316,0.067463706233988,0.854395604395604,6,17,"n",22,NA,NA,22,0.1915,1.5509,0.11385,0.0653409090909091,8.09869451697128,"broken",6,9,54.5,878,797,"TM",10,"n",13,19.58,12.83,504,"",833,1.7424,-0.99481948749622,-0.931443104927637,-2.10237290870956,0.0888819441731559,0.720159303405957,1.20447270364896,2.82253221211552,-1.17092980378192,0.437607129740821,-0.717831221695358,0.190583795977179,0.2411478624117,0.908415017672537,2.90145832139611,0.0254563492063492,2.70243053644553,22.4499443206436,50.4,1.70243053644553,41983.2,204.898023416528
"B12-11-F","BELM","12","11","Future","1",3,79,14,93,0.0249,0.0297,0.0036,1.376,7.194,382.222222222222,0.121212121212121,0.816091954022988,9,18,"n",27,NA,NA,27,0.08732,0.24528,NA,NA,2.80897846999542,"bent",8,5,30,151,144,"TM",10,"y",0,19.44,13.49,538,"SB",150,0.3326,-1.60380065290426,-1.52724355068279,-2.44369749923271,0.06,0.138618433899492,0.856970433482492,2.58231593313221,-0.916453948549925,0.295499576987853,-1.0588862729629,-0.6103378624897,-0.4780777551165,0.448548410473198,2.15836249209525,0.0250743494423792,2.73078227566639,23.1948270094864,53.8,1.73078227566639,8070,89.8331787259028
"B12-12-C","BELM","12","12","Current","4",13,72,16,88,0.0543,0.0619,0.0047,3.121,12.272,664.042553191489,0.0759289176090469,0.867132867132867,4,10,"n",15,NA,NA,14,0.08158,0.9884,NA,NA,12.1157146359402,"leaning",6,8,57.5,584,550,"TM",10,"y",0,21.33,13.2,523,"",567,1.06998,-1.26520017041115,-1.20830935097988,-2.32790214206428,0.0685565460040104,0.494293768665333,1.08891534660491,2.82219591072962,-1.1195927910844,0.285622127994313,-1.08841629901892,-0.00506726326995824,0.0293756599554754,1.08334903574897,2.74036268949424,0.0252390057361377,2.71850168886727,22.8691932520585,52.3,1.71850168886727,29654.1,172.203658497722
"B12-12-F","BELM","12","12","Future","1",3,80,20,100,0.0278,0.0348,0.0041,1.583,7.025,386.09756097561,0.117816091954023,0.771986970684039,10,22,"n",28,NA,NA,30,0.09255,0.27726,NA,NA,2.99578606158833,"leaning",8,9,20.5,223,209,"TM",10,"y",0,16.56,10.58,420,"",210,0.36981,-1.55595520408192,-1.45842075605342,-2.38721614328026,0.0640312423743285,0.199480914862356,0.846646328577118,2.58669705814262,-0.928795387226845,0.304220314903525,-1.03362357691108,-0.557112781097651,-0.432021349298804,0.476510795813426,2.32014628611105,0.0251904761904762,2.6232492903979,20.4939015319192,42,1.6232492903979,8820,93.9148550549912
"B12-13-C","BELM","12","13","Current","8",4,80,17,97,0.1057,0.1178,0.0094,5.589,16.811,594.574468085106,0.0797962648556876,0.888376383763838,6,15,"n",22,NA,NA,21,0.21867,1.502,NA,NA,6.86879773174189,"broken",6,14,54,940,807,"TM",10,"n",23,15.4,8.45,378,"CC",887,1.72067,-0.975925012692574,-0.928854709548917,-2.0268721464003,0.0969535971483266,0.747334109615905,1.2255935481548,2.77420625601621,-1.09801743685138,0.4676216419286,-0.66021079505175,0.17666993266815,0.235697586817249,0.836880727719899,2.90687353472207,0.0223544973544974,2.57749179983723,19.4422220952236,37.8,1.57749179983723,33528.6,183.108164755152
"B12-13-F","BELM","12","13","Future","2",3,78,16,94,0.0272,0.0343,0.0038,1.315,6.547,346.052631578947,0.110787172011662,0.767213114754098,10,22,"n",30,NA,NA,30,0.08956,0.21423,NA,NA,2.39202769093345,"bent",8,9,23,157,141,"TM",10,"y",0,19.33,12.77,432,"CC",144,0.30379,-1.5654310959658,-1.46470587995723,-2.42021640338319,0.0616441400296898,0.118925752825777,0.816042340921997,2.53914215620897,-0.95551052342596,0.299265768172706,-1.04788591509301,-0.669119712205569,-0.517426526116082,0.378766202887439,2.14921911265538,0.0295601851851852,2.63548374681491,20.7846096908265,43.2,1.63548374681491,6220.8,78.8720482807439
"B12-14-C","BELM","12","14","Current","6",3,81,12,93,0.0804,0.0937,0.0068,4.399,14.349,646.911764705882,0.0725720384204909,0.846950517836594,6,18,"n",22,NA,NA,20,0.17958,1.6429,NA,NA,9.1485688829491,"broken",6,11,59,966,853,"TM",10,"n",14,21.04,12.95,531,"CC",969,1.82248,-1.09474395125155,-1.02826040911222,-2.16749108729376,0.0824621125123532,0.643353961976863,1.15682163559163,2.81084504927063,-1.13923067818154,0.423768804892479,-0.745742032776165,0.215611129612849,0.260662771043621,0.961353162389014,2.93094903116752,0.0243879472693032,2.72509452108147,23.0434372436058,53.1,1.72509452108147,51453.9,226.834521182293
"B12-14-F","BELM","12","14","Future","4",3,78,21,99,0.0268,0.0324,0.004,1.537,6.848,384.25,0.123456790123457,0.802816901408451,10,21,"n",29,NA,NA,31,0.08627,0.26079,NA,NA,3.0229511997218,"bent",8,8,27,249,235,"TM",10,"y",0,14.65,8.63,363,"SB",236,0.34706,-1.57186520597121,-1.48945498979339,-2.39794000867204,0.0632455532033676,0.186673867499745,0.835563751669097,2.58461387617178,-0.90848501887865,0.293717551399299,-1.06414020196212,-0.58370906565516,-0.459595437553941,0.480431136306959,2.37106786227174,0.0237741046831956,2.55990662503611,19.0525588832576,36.3,1.55990662503611,8566.8,92.5570094590356
"B12-15-C","BELM","12","15","Current","3",5,79,19,98,0.1241,0.1407,0.0103,6.68,18.686,648.543689320388,0.0732054015636105,0.872699386503068,6,17,"n",24,NA,NA,20,0.22084,1.8799,0.17706,0.0842845854318002,8.5124977359174,"bent",6,10,59.5,1094,1007,"TM",10,"n",49,21.23,13.28,524,"CH",1039,2.10074,-0.90622821850127,-0.851705902565254,-1.98716277529483,0.101488915650922,0.824776462475546,1.27151634451163,2.81193923777037,-1.13545687272957,0.469936165877878,-0.655922261531899,0.274134747878962,0.322372304879719,0.930057009410861,3.00302947055362,0.0253435114503817,2.71933128698373,22.8910462845192,52.4,1.71933128698373,54443.6,233.331523802507
"B12-15-F","BELM","12","15","Future","5",3,78,16,94,0.0275,0.0323,0.0033,1.551,7.315,470,0.102167182662539,0.83448275862069,11,23,"n",31,NA,NA,33,0.09786,0.30559,NA,NA,3.12272634375639,"leaning",8,9,21,195,166,"TM",10,"y",0,20.84,14.06,538,"SB",197,0.40345,-1.56066730616974,-1.4907974776689,-2.48148606012211,0.0574456264653803,0.190611797813605,0.86421433046133,2.67209785793572,-0.990688582453215,0.312825830135556,-1.00939478857608,-0.514860861535735,-0.394210280197436,0.494533927040346,2.22010808804005,0.0261338289962825,2.73078227566639,23.1948270094864,53.8,1.73078227566639,10598.6,102.949502184323
"B1-6-C","BELM","1","6","Current","3",5,80,24,104,0.1817,0.2013,0.0128,NA,NA,NA,0.0635866865375062,0.896021220159151,6,14,"n",22,NA,21,22,0.32695,2.156,NA,NA,6.59428047102003,"bent",10,11,61,944,888,"TM",10,"n",43,16,9.5,419,"CC",883,2.48295,-0.740645072691966,-0.696156225111345,-1.89279003035213,0.113137084989848,NA,NA,NA,-1.19663380524079,0.571795417959955,-0.485518658301217,0.333648756514701,0.394967974108438,0.819167414815918,2.9484129657786,0.022673031026253,2.6222140229663,20.4694894904587,41.9,1.6222140229663,36997.7,192.347861958484
"B1-6-F","BELM","1","6","Future","6",3,100,12,112,0.0588,0.0688,0.0062,2.947,11.064,475.322580645161,0.0901162790697674,0.840255591054313,8,20,"n",29,NA,30,33,0.13508,0.32766,0.0425,0.091844232182219,2.42567367485934,"bent",12,11,26,233,196,"TM",10,"y",0,15.18,9.15,479,"SB",213,0.46274,-1.23062267392386,-1.16241156176449,-2.20760831050175,0.0787400787401181,0.469380135849925,1.04391216710125,2.67698844635167,-1.04519674873726,0.367532311504717,-0.869408948036626,-0.484576573080813,-0.33466295775441,0.384832374955813,2.29225607135648,0.0191022964509395,2.68033551341456,21.8860686282393,47.9,1.68033551341456,10202.7,101.008415490988
"B12-1-C","BELM","12","1","Current","4",11,73,20,93,0.0571,0.0694,0.0051,3.353,12.099,657.450980392157,0.0734870317002882,0.808709175738725,4,10,"n",19,NA,18,16,0.0877,0.8546,NA,NA,9.74458380843786,"bent",6,9,54,640,455,"TM",10,"n",6,14.49,8.06,271,"CC",464,0.9423,-1.24336389175415,-1.15864052954514,-2.29242982390206,0.0714142842854285,0.52543355342882,1.08274947672728,2.81786337733088,-1.13378929435692,0.296141857899217,-1.05700040663396,-0.0682371115188223,-0.0258108088818328,0.988763295115137,2.65801139665711,0.0297416974169742,2.43296929087441,16.4620776331543,27.1,1.43296929087441,12574.4,112.135632160344
"B12-1-F","BELM","12","1","Future","6",NA,NA,NA,NA,NA,NA,NA,NA,NA,NA,NA,NA,0,0,"y",NA,NA,NA,NA,NA,NA,NA,NA,NA,NA,NA,NA,NA,0,0,NA,NA,NA,NA,NA,NA,NA,NA,0,NA,NA,NA,NA,NA,NA,NA,NA,NA,NA,NA,NA,NA,NA,-Inf,NA,NA,NA,NA,NA,0,0
"B12-2-C","BELM","12","2","Current","mix",13,75,14,89,0.0468,0.0496,0.0038,2.989,11.942,786.578947368421,0.0766129032258065,0.938864628820961,2,8,"n",17,NA,NA,14,0.08191,0.9133,NA,NA,11.1500427298254,"leaning",6,8,52.5,698,345,"TX",10,"n",4,20.63,13.48,496,"CH",410,0.99521,-1.32975414692588,-1.3045183235098,-2.42021640338319,0.0616441400296898,0.475525915039281,1.07707706684576,2.89574231842247,-1.11569807987339,0.286199231305746,-1.08666307406738,-0.0393865423520912,-0.00208526878368283,1.04727653171529,2.53781909507327,0.0271774193548387,2.6954816764902,22.2710574513201,49.6,1.6954816764902,20336,142.604347759807
"B12-2-F","BELM","12","2","Future","5",5,76,15,91,0.0221,0.0273,0.0034,1.255,6.84,369.117647058824,0.124542124542125,0.782426778242678,8,17,"n",28,NA,NA,26,0.08423,0.29186,NA,NA,3.46503621037635,"broken",8,10,23.5,173,161,"SB",9,"n",16,20.14,13.88,494,"SB",188,0.37609,-1.65560772631489,-1.56383735295924,-2.46852108295775,0.058309518948453,0.0986437258170569,0.835056101720116,2.5671648087748,-0.904683729998501,0.290224051380998,-1.07453319930846,-0.534825421865841,-0.42470821404518,0.539707777442621,2.20682587603185,0.0280971659919028,2.69372694892365,22.2261107708929,54.8888888888889,1.73948443948432,10319.1111111111,101.583025703663
"B13-1-C","BELM","13","1","Current","5",18,73,12,85,0.0755,0.0844,0.0055,4.626,15.178,841.090909090909,0.0651658767772512,0.887198986058302,4,8,"n",16,NA,NA,16,0.11991,0.9473,NA,NA,7.90009173546827,"bent",6,13,59,696,220,"TM",10,"n",14,16.4,10.64,474,"EA",511,1.06721,-1.12205304837081,-1.07365755337434,-2.25963731050576,0.0741619848709566,0.665205628434601,1.18121454849041,2.92484293894036,-1.18597975713141,0.346280233337105,-0.921144597020233,-0.02351246269481,0.0282498860294376,0.897632134325423,2.34242268082221,0.0224472573839662,2.67577834167409,21.7715410570772,47.4,1.67577834167409,24221.4,155.632258866856
"B13-1-F","BELM","13","1","Future","8",5,NA,NA,NA,NA,NA,NA,NA,NA,NA,NA,NA,2,0,"y",NA,NA,NA,NA,NA,NA,NA,NA,NA,NA,NA,NA,NA,0,0,NA,NA,NA,NA,NA,NA,NA,NA,0,NA,NA,NA,NA,NA,NA,NA,NA,NA,NA,NA,NA,NA,NA,-Inf,NA,NA,NA,NA,NA,0,0
"B13-2-C","BELM","13","2","Current","7",5,85,13,98,0.118,0.1314,0.0088,5.611,17.477,637.613636363636,0.0669710806697108,0.890701468189233,6,12,"n",23,NA,NA,21,0.17217,1.7123,NA,NA,9.94540279955858,"bent",10,10,66,932,824,"TM",10,"n",6,15.66,9.71,418,"CC",855,1.88447,-0.928117992693875,-0.881404634776238,-2.05551732784983,0.0938083151964686,0.749040268703457,1.24246688623534,2.80455759655329,-1.17411269307359,0.414933729648483,-0.764042520533379,0.233579856679016,0.275189228048206,0.997622377212395,2.91592721169712,0.0232296650717703,2.62117628177504,20.4450483002609,41.8,1.62117628177504,35739,189.047613050258
"B13-2-F","BELM","13","2","Future","5",4,NA,NA,NA,NA,NA,NA,NA,NA,NA,NA,NA,4,0,"y",NA,NA,NA,NA,NA,NA,NA,NA,NA,NA,NA,NA,NA,0,0,NA,NA,NA,NA,NA,NA,NA,NA,0,NA,NA,NA,NA,NA,NA,NA,NA,NA,NA,NA,NA,NA,NA,-Inf,NA,NA,NA,NA,NA,0,0
"B15-1-C","BELM","15","1","Current","6",5,81,13,94,0.1776,0.1971,0.0123,8.495,18.239,690.650406504065,0.0624048706240487,0.89448051948052,6,15,"n",25,NA,NA,24,0.22981,1.9204,NA,NA,8.35646838692833,"bent",9,13,66,1201,948,"TX",10,"n",1,18.88,11.87,531,"CC",994,2.15021,-0.750557038557418,-0.705313375720557,-1.9100948885606,0.110905365064094,0.929163383205064,1.2610010233352,2.83925827176567,-1.20478151284005,0.47938502271139,-0.638631077256403,0.283391697297128,0.332480877305115,0.922022774553531,2.97680833733807,0.0223540489642185,2.72509452108147,23.0434372436058,53.1,1.72509452108147,52781.4,229.742029241495
"B15-1-F","BELM","15","1","Future","3",4,84,10,94,0.0319,0.0392,0.0049,1.644,6.716,335.510204081633,0.125,0.787172011661808,10,21,"n",34,NA,NA,30,0.10569,0.28721,NA,NA,2.71747563629482,"bent",11,11,25.5,238,212,"TM",9,"n",NA,13.16,7.96,318,"EA",234,0.3929,-1.49620931694282,-1.40671393297954,-2.30980391997149,0.07,0.215901813204032,0.827110687466011,2.52570573317552,-0.903089986991944,0.325099984620117,-0.975966102099095,-0.54180044301883,-0.405717971188194,0.434165659080265,2.32633586092875,0.0250314465408805,2.50242711998443,17.832554500127,35.3333333333333,1.54818461054511,8268,90.9285433733544
"B15-2-C","BELM","15","2","Current","8",6,81,15,96,0.1772,0.1901,0.0128,7.174,23.755,560.46875,0.0673329826407154,0.927241962774958,6,14,"n",21,NA,NA,21,0.21264,2.0927,NA,NA,9.84151617757712,"bent",11,18,63.5,1195,1069,"TM",10,"n",3,16.36,11.01,475,"CC",806,2.30534,-0.751536282448968,-0.721017883134557,-1.89279003035213,0.113137084989848,0.855761372339948,1.37575503475522,2.74855140269208,-1.17177214721757,0.461129049182547,-0.672355036401343,0.32070697430959,0.362734985792731,0.993062010710933,3.02897770520878,0.0231789473684211,2.67669360962487,21.7944947177034,47.5,1.67669360962487,38285,195.665530945029
"B15-2-F","BELM","15","2","Future","2",4,81,10,91,0.0469,0.0557,0.0056,2.747,11.012,490.535714285714,0.100538599640934,0.82435129740519,10,21,"n",34,NA,NA,33,0.16374,0.3576,NA,NA,2.18395016489557,"straight",11,8,NA,NA,321,"TM",9,"n",2,18.32,11.5,413,"SB",324,0.52134,-1.32882715728492,-1.25414480482627,-2.2518119729938,0.0748331477354788,0.438858659420562,1.04186620272129,2.69067063241436,-0.997667168167528,0.404647995176054,-0.78584521394646,-0.44660248987612,-0.282878952393466,0.33924272407034,2.50650503240487,0.0278450363196126,2.6159500516564,20.3224014329016,45.8888888888889,1.66170754221708,14868,121.934408597409
"B2-1-C","BELM","2","1","Current","7",12,79,21,100,0.0663,0.0777,0.0055,4.191,14.443,762,0.0707850707850708,0.842105263157895,2,6,"n",16,NA,16,13,0.0946,1.0427,NA,NA,11.0221987315011,"leaning",6,10,50,552,494,"TM",10,"y",0,19.75,12.8,597,"EA",501,1.1373,-1.17848647159523,-1.10957898119909,-2.25963731050576,0.0741619848709566,0.622317660833844,1.1596574112477,2.8819549713396,-1.15005832930667,0.307571129984594,-1.02410886359821,0.0181593735409102,0.055875039146097,1.04226823713912,2.69372694892365,0.0214405360134003,2.77597433112937,24.4335834457412,59.7,1.77597433112937,29909.7,172.944210657657
"B2-1-F","BELM","2","1","Future","4",10,86,11,97,0.0288,0.0334,0.0028,1.935,8.108,691.071428571429,0.0838323353293413,0.849673202614379,4,6,"n",16,NA,16,15,0.04141,0.31232,NA,NA,7.54213957981164,"bent",8,5,36,223,195,"TM",9,"y",0,12.68,7.88,401,"CH",199,0.35373,-1.54060751224077,-1.47625353318844,-2.55284196865778,0.0529150262212918,0.28668096935493,0.908913740020971,2.83952293801271,-1.07658843546935,0.20349447166938,-1.38289476949762,-0.505400204013402,-0.451328105913406,0.87749456548422,2.29003461136252,0.0196508728179551,2.60314437262018,20.0249843945008,44.5555555555556,1.64890186318086,8866.55555555556,94.162389283384
"B2-2-C","BELM","2","2","Current","4",49,NA,NA,NA,NA,NA,NA,NA,NA,NA,NA,NA,0,0,"y",NA,NA,NA,NA,NA,NA,NA,NA,NA,NA,NA,NA,NA,0,0,NA,NA,NA,NA,NA,NA,NA,NA,0,NA,NA,NA,NA,NA,NA,NA,NA,NA,NA,NA,NA,NA,NA,-Inf,NA,NA,NA,NA,NA,0,0
"B2-2-F","BELM","2","2","Future","7",7,88,13,101,0.0213,0.0273,0.0036,1.269,6.078,352.5,0.131868131868132,0.746835443037975,4,9,"n",20,NA,20,20,0.04862,0.23047,NA,NA,4.74023035787742,"bent",8,6,32.5,174,165,"TM",10,"y",0,12.78,7.74,423,"EA",170,0.27909,-1.67162039656126,-1.56383735295924,-2.44369749923271,0.06,0.103461622094705,0.783760695743924,2.54715912132742,-0.879860146273469,0.220499433105847,-1.31318504549268,-0.637385598180598,-0.554255724323349,0.675799447312085,2.21748394421391,0.0182978723404255,2.62634036737504,20.5669638012031,42.3,1.62634036737504,7191,84.7997641506154
"B3-1-C","BELM","3","1","Current","3",6,82,16,98,0.1622,0.1791,0.0121,8.12,20,671.074380165289,0.0675600223338917,0.898802395209581,6,14,"n",21,NA,NA,22,0.28557,2.0467,NA,NA,7.16706937003187,"bent",7,13,57.5,1135,1009,"SB",11,"n",48,21.01,14.17,561,"CC",928,2.33227,-0.789949150124863,-0.746904414150968,-1.91721462968355,0.11,0.909556029241175,1.30102999566398,2.82677065892473,-1.17031021553258,0.534387499853805,-0.544287418460263,0.311054189563937,0.367778825985115,0.8553416080242,3.00389116623691,0.0252584670231729,2.74896286125616,23.685438564654,51,1.70757017609794,47328,217.549994254194
"B3-1-F","BELM","3","1","Future","4",3,86,13,99,0.026,0.0327,0.0039,1.486,7.352,381.025641025641,0.119266055045872,0.767361111111111,9,21,"n",30,NA,NA,30,0.11301,0.26541,NA,NA,2.34855322537828,"leaning",10,7,27,185,172,"TM",10,"y",0,14.58,8.63,375,"SB",178,0.37842,-1.58502665202918,-1.48545224733971,-2.4089353929735,0.062449979983984,0.172018809424556,0.866405498378055,2.58095420239806,-0.923483145633787,0.336169600053306,-0.94688312507707,-0.576082718008877,-0.422025918623037,0.370800407068193,2.23552844690755,0.0230133333333333,2.57403126772772,19.3649167310371,37.5,1.57403126772772,6675,81.700673191841
"B3-2-C","BELM","3","2","Current","2",5,82,19,101,0.1547,0.1748,0.0128,7.155,18.589,558.984375,0.0732265446224256,0.875925925925926,6,16,"n",25,NA,25,22,0.36903,2.0327,NA,NA,5.50822426361,"bent",7,13,66.5,1136,1033,"TM",10,"n",26,19.49,12.73,599,"CC",1049,2.40173,-0.810509686300632,-0.757458571701616,-1.89279003035213,0.113137084989848,0.854609638095795,1.26925602741777,2.74739966844793,-1.13533145865052,0.607478394677539,-0.432938326781703,0.30807328716803,0.380524182874979,0.741011613949733,3.01410032151962,0.0212520868113523,2.77742682238931,24.4744765010408,59.9,1.77742682238931,62835.1,250.669304064139
"B3-2-F","BELM","3","2","Future","2",4,84,10,94,0.0411,0.0514,0.0052,2.303,9.26,442.884615384615,0.101167315175097,0.777056277056277,8,20,"n",30,NA,NA,33,0.14996,0.24363,NA,NA,1.62463323552947,"straight",10,10,12.5,199,185,"TM",9,"n",7,18.44,11.18,521,"CH",193,0.39359,-1.38615817812393,-1.28903688100472,-2.2839966563652,0.0721110255092798,0.362293937964231,0.966610986681934,2.64629059432943,-0.994959775360477,0.387246691399681,-0.824024568250487,-0.613269234790169,-0.404955944285385,0.210755333460318,2.26717172840301,0.0214587332053743,2.71683772329952,22.8254244210267,57.8888888888889,1.7625952138602,11172.5555555556,105.700310101511
"B4-1-C","BELM","4","1","Current","4",NA,NA,NA,NA,NA,NA,NA,NA,NA,NA,NA,NA,0,0,"y",NA,NA,NA,NA,NA,NA,NA,NA,NA,NA,NA,NA,NA,0,0,NA,NA,NA,NA,NA,NA,NA,NA,0,NA,NA,NA,NA,NA,NA,NA,NA,NA,NA,NA,NA,NA,NA,-Inf,NA,NA,NA,NA,NA,0,0
"B4-1-F","BELM","4","1","Future","2",11,NA,NA,NA,NA,NA,NA,NA,NA,NA,NA,NA,0,0,"y",NA,NA,NA,NA,NA,NA,NA,NA,NA,NA,NA,NA,NA,0,0,NA,NA,NA,NA,NA,NA,NA,NA,0,NA,NA,NA,NA,NA,NA,NA,NA,NA,NA,NA,NA,NA,NA,-Inf,NA,NA,NA,NA,NA,0,0
"B4-2-C","BELM","4","2","Current","4",43,54,20,74,0.0199,0.0244,0.0012,1.366,7.289,1138.33333333333,0.0491803278688525,0.806034482758621,0,2,"n",13,NA,11,9,0.02211,0.2456,NA,NA,11.1080958842153,"leaning",3,11,36.5,189,166,"TM",10,"n",4,14.71,8.8,501,"CC",167,0.26771,-1.70114692359029,-1.61261017366127,-2.92081875395238,0.0346410161513775,0.135450699345514,0.862667950228588,3.05626945329789,-1.3082085802911,0.148694317309035,-1.65541125742129,-0.60977163753087,-0.572335405937815,1.04563961989042,2.22010808804005,0.017564870259481,2.69983772586725,22.3830292855994,50.1,1.69983772586725,8366.7,91.4696671033627
"B4-2-F","BELM","4","2","Future","8",NA,NA,NA,NA,NA,NA,NA,NA,NA,NA,NA,NA,0,0,"y",NA,NA,NA,NA,NA,NA,NA,NA,NA,NA,NA,NA,NA,0,0,NA,NA,NA,NA,NA,NA,NA,NA,0,NA,NA,NA,NA,NA,NA,NA,NA,NA,NA,NA,NA,NA,NA,-Inf,NA,NA,NA,NA,NA,0,0
"B8-1-C","BELM","8","1","Current","8",5,80,18,98,0.2671,0.287,0.0189,12.156,21.105,643.174603174603,0.0658536585365854,0.925773964938456,6,16,"n",22,NA,NA,35,0.42973,2.6249,NA,NA,6.10825401996602,"bent",7,17,63,1093,1023,"TM",10,"n",116,21.41,12.4,544,"CC",1061,3.05463,-0.573326111978627,-0.542118103266008,-1.72353819582676,0.137477270848675,1.08479069140791,1.32438535649043,2.80832888723466,-1.18142009256075,0.655537947032817,-0.366804326605446,0.419112762875142,0.484958612716103,0.785917089480588,3.00987563371216,0.0227941176470588,2.73559889969818,23.3238075793812,54.4,1.73559889969818,57718.4,240.246540037521
"B8-1-F","BELM","8","1","Future","8",3,90,11,101,0.0795,0.0914,0.0093,3.662,11.657,393.763440860215,0.101750547045952,0.855054811205847,9,22,"n",34,NA,34,32,0.20809,0.53131,NA,NA,2.55327021961651,"straight",11,13,17.5,335,300,"TM",10,"y",0,15.46,10.17,419,"SB",320,0.7394,-1.09963287134353,-1.03905380426617,-2.03151705144606,0.0964365076099295,0.563718339965678,1.06658679647069,2.59523539141174,-0.992463247179896,0.456168828395803,-0.6817487897988,-0.27465200998157,-0.131120553762912,0.407096779817231,2.47712125471966,0.024272076372315,2.6222140229663,20.4694894904587,41.9,1.6222140229663,13408,115.792918609041
"B8-2-C","BELM","8","2","Current","6",4,90,14,104,0.2812,0.3114,0.0199,12.115,25.126,608.793969849246,0.0639049454078356,0.896397941680961,6,16,"n",25,NA,25,34,0.55686,2.0611,NA,NA,3.70128937255325,"bent",8,16,61.5,885,665,"TM",10,"n",110,25.87,15.72,543,"SB",741,2.61796,-0.550984683652214,-0.506681391767899,-1.70114692359029,0.141067359796659,1.08332341847352,1.40012335543708,2.78447034206382,-1.19446553182239,0.746230527384132,-0.254253976944467,0.314099063295284,0.417963006648661,0.568353040239751,2.8228216453031,0.0289502762430939,2.73479982958885,23.3023603954621,54.3,1.73479982958885,40236.3,200.589880103658
"B8-2-F","BELM","8","2","Future","4",3,101,7,108,0.0323,0.0365,0.0034,1.816,7.498,534.117647058824,0.0931506849315069,0.873111782477342,9,20,"n",32,NA,31,30,0.10445,0.17835,NA,NA,1.7075155576831,"leaning",7,9,22.5,127,104,"TM",10,"n",4,17.96,11.86,521,"SB",117,0.2828,-1.4907974776689,-1.43770713554353,-2.46852108295775,0.058309518948453,0.259115844185066,0.874945436085532,2.72763692714281,-1.03081394741422,0.323187252223846,-0.981091555683673,-0.748726886325627,-0.548520594875138,0.232364669358045,2.01703333929878,0.022763915547025,2.71683772329952,22.8254244210267,52.1,1.71683772329952,6095.7,78.0749639769369
"R11-1-C","RODA","11","1","Current","7",5,110,12,122,0.1516,0.169,0.0141,NA,NA,NA,0.0834319526627219,0.887669464170433,6,14,"n",32,38,NA,35,0.33439,2.7061,NA,NA,8.09264631119352,"bent",11,14,73,1322,1192,"EA",10,"n",111,28.18,19.15,658,"EA",1206,3.04049,-0.819300798703965,-0.772113295386326,-1.85078088734462,0.118743420870379,NA,NA,NA,-1.07866759195829,0.578264645296598,-0.475746718702389,0.432343841280726,0.482943579381,0.908090559983116,3.07627625540422,0.0291033434650456,2.81822589361396,25.6515106767613,65.8,1.81822589361396,79354.8,281.699840255546
"R11-1-F","RODA","11","1","Future","7",4,113,7,120,0.0703,0.0815,0.0086,3.307,10.522,384.53488372093,0.105521472392638,0.84636488340192,7,14,"n",36,45,NA,43,0.23935,0.26755,NA,NA,1.1178190933779,"straight",9,1,26,115,79,"TM",10,"y",0,16.51,10.3,469,"SB",69,0.5069,-1.15304467498018,-1.08884239126002,-2.06550154875643,0.092736184954957,0.519434194913703,1.02209829746114,2.58493574367014,-0.976659157496409,0.489234095295902,-0.620966568182033,-0.572595044689726,-0.295077708776598,0.0483715234923062,1.89762709129044,0.0219616204690832,2.67117284271508,21.6564078277077,46.9,1.67117284271508,3236.1,56.8867295597137
"R11-2-C","RODA","11","2","Current","6",4,111,11,122,0.1213,0.1306,0.0117,4.763,14.203,407.094017094017,0.0895865237366003,0.921783010933558,6,12,"n",29,38,NA,31,0.32511,1.8575,NA,NA,5.71345083202608,"bent",11,10,65,835,748,"CC",10,"n",66,27.58,17.99,669,"CH",742,2.18261,-0.916139199133427,-0.884056823060945,-1.93181413825384,0.10816653826392,0.67788058151159,1.1523800870476,2.60969471976543,-1.04775731519289,0.570184180769688,-0.487969671912589,0.268928822432613,0.338976140665884,0.756898494345202,2.87390159786446,0.0268908819133034,2.82542611776782,25.8650343127551,66.9,1.82542611776782,49639.8,222.799910233375
"R11-2-F","RODA","11","2","Future","5",3,112,9,121,0.093,0.1043,0.0104,4.359,12.506,419.134615384615,0.099712368168744,0.879659211927582,8,18,"n",42,48,NA,45,0.23688,0.34426,NA,NA,1.45330969267139,"straight",10,5,28.5,172,109,"TX",10,"y",0,22.28,15.09,532,"",133,0.58114,-1.03151705144606,-0.981715691573469,-1.98296666070122,0.101980390271856,0.639386869017684,1.09711842434465,2.6223535297189,-1.00125096912775,0.486703194976158,-0.625471605618757,-0.463113435583045,-0.235719230943243,0.162358170035712,2.03742649794062,0.0283646616541353,2.72591163229505,23.0651251893416,53.2,1.72591163229505,7075.6,84.1165857604789
"R15-1-C","RODA","15","1","Current","6",4,112,11,123,0.2035,0.2256,0.018,7.04,17.086,391.111111111111,0.0797872340425532,0.89354527938343,6,15,"n",32,39,NA,33,0.54998,2.4718,NA,NA,4.49434524891814,"bent",11,12,49,827,401,"CC",10,"n",108,25.25,17.65,632,"",702,3.02178,-0.691435586438761,-0.646660904688695,-1.74472749489669,0.134164078649987,0.847572659142112,1.23264040202694,2.59230015403881,-1.098066590208,0.741606364589733,-0.259653103319515,0.393013327901293,0.480262842443777,0.652666431220808,2.60314437262018,0.0279272151898734,2.80071707828239,25.1396101799531,63.2,1.80071707828239,44366.4,210.633330695785
"R15-1-F","RODA","15","1","Future","2",3,113,10,123,0.0619,0.071,0.0076,2.793,10.142,367.5,0.107042253521127,0.856466876971609,8,20,"n",31,44,NA,45,0.17648,0.20337,NA,NA,1.15236854034451,"straight",11,11,17.5,110,71,"TX",10,"y",0,15.49,9.62,350,"EA",89,0.37985,-1.20830935097988,-1.14874165128092,-2.11918640771921,0.0871779788708135,0.446070935701005,1.00612360621185,2.56525734342021,-0.970444756438284,0.420095227299716,-0.753304504903885,-0.691713111370895,-0.420387869259696,0.0615913935329895,1.85125834871908,0.0274857142857143,2.54406804435028,18.7082869338697,35,1.54406804435028,3115,55.8121850495033
"R15-2-C","RODA","15","2","Current","mix",5,107,16,123,0.1059,0.1179,0.0095,4.538,13.912,477.684210526316,0.0805767599660729,0.88929889298893,4,10,"n",24,28,NA,24,0.21804,1.3397,NA,NA,6.1442854522106,"bent",7,14,52.5,611,580,"SB",10,"n",20,26.6,16.84,586,"",555,1.55774,-0.975104039892515,-0.928486194904911,-2.02227639471115,0.0974679434480896,0.656864491548917,1.14338956899466,2.67914088626007,-1.09379019980624,0.466947534526096,-0.661463826644341,0.127007557371327,0.192494971957768,0.788471384015668,2.76342799356294,0.0287372013651877,2.76789761601809,24.2074368738204,58.6,1.76789761601809,32523,180.341343013742
"R15-2-F","RODA","15","2","Future","3",3,112,11,123,0.0514,0.0584,0.0052,2.707,10.315,520.576923076923,0.089041095890411,0.868421052631579,7,18,"n",32,39,NA,40,0.11532,0.23183,NA,NA,2.01031911203607,"straight",11,9,20,120,NA,"",10,"y",0,14.52,8.84,528,"",97,0.34715,-1.28903688100472,-1.2335871528876,-2.2839966563652,0.0721110255092798,0.432488255770506,1.01346923230917,2.71648491213571,-1.0504095034776,0.339587985653203,-0.93809536628383,-0.634830364785617,-0.459482830407428,0.303265001498212,NA,0.0167424242424242,2.72263392253381,22.9782505861521,52.8,1.72263392253381,5121.6,71.5653547465532
"R2-1-C","RODA","2","1","Current","5",5,98,17,115,0.1643,0.1837,0.0143,5.751,17.698,402.167832167832,0.0778443113772455,0.885478158205431,6,12,"n",27,NA,28,26,0.28388,1.6335,NA,NA,5.75419191207552,"bent",8,9,62,701,574,"TM",10,"n",91,26.09,17.37,751,"",567,1.91738,-0.784362436564938,-0.735890843694192,-1.84466396253494,0.119582607431014,0.759743367597725,1.24792419076631,2.60440733013266,-1.10877311884075,0.532803903889602,-0.546865203443151,0.213119138811456,0.282708192976365,0.759984342254607,2.75891189239797,0.0231291611185087,2.87563993700417,27.4043792120894,75.1,1.87563993700417,42581.7,206.35333774863
"R2-1-F","RODA","2","1","Future","8",3,110,10,120,0.0619,0.0726,0.0064,2.569,10.836,401.40625,0.0881542699724518,0.838368580060423,8,20,"n",34,44,NA,40,0.19398,0.29896,NA,NA,1.54118981338282,"straight",11,9,29,114,92,"TX",10,"y",0,22.04,14.39,563,"",100,0.49294,-1.20830935097988,-1.13906337929991,-2.19382002601611,0.08,0.409764104266346,1.03486899636113,2.60358413028246,-1.05475664671621,0.440431606495265,-0.7122430450048,-0.524386915158419,-0.307205939251578,0.187856129846381,1.96378782734556,0.0255595026642984,2.75050839485135,23.7276210354093,56.3,1.75050839485135,5630,75.0333259292163
"R2-2-C","RODA","2","2","Current","8",4,105,14,119,0.1821,0.2027,0.016,6.378,18.053,398.625,0.0789343857918106,0.889662560257097,4,13,"n",28,33,NA,31,0.30131,2.0417,NA,NA,6.77607779363446,"bent",9,11,74.5,779,730,"CC",10,"n",73,28.92,20,738,"SB",702,2.34301,-0.73969005420508,-0.693146251306991,-1.79588001734408,0.126491106406735,0.80468451490694,1.25654938215219,2.60056453225102,-1.10273376603708,0.54891711578343,-0.520986454543866,0.30999192878118,0.369774142175943,0.830978383325046,2.86332286012046,0.02710027100271,2.86805636182304,27.1661554144122,73.8,1.86805636182304,51807.6,227.612829163912
"R2-2-F","RODA","2","2","Future","6",3,107,11,118,0.0418,0.0507,0.0052,1.792,9.112,344.615384615385,0.102564102564103,0.804395604395604,8,16,"n",31,38,NA,36,0.13356,0.21657,NA,NA,1.62151841868823,"straight",9,8,24,62,55,"SB",10,"n",25,22.66,14.89,528,"CC",61,0.35013,-1.37882371822496,-1.29499204066666,-2.2839966563652,0.0721110255092798,0.253338005326106,0.959613711071044,2.53733466169131,-0.989004615698537,0.365458615988185,-0.874323589617667,-0.664401703466997,-0.455770676220772,0.20992188615067,1.74036268949424,0.0282007575757576,2.72263392253381,22.9782505861521,52.8,1.72263392253381,3220.8,56.7520924724366
"R21-1-C","RODA","21","1","Current","2",5,103,13,116,0.1011,0.1236,0.0096,4.28,14.894,445.833333333333,0.0776699029126214,0.802631578947368,6,13,"n",26,28,NA,25,0.25357,NA,NA,NA,NA,"bent",9,14,72,701,646,"CC",10,"n",89,29.31,19.4,739,"",633,NA,-0.995248844408999,-0.907981529247203,-2.01772876696043,0.0979795897113271,0.631443769013172,1.17301134950735,2.6491725359736,-1.10974723771323,0.503557345294456,-0.595902129359512,NA,NA,NA,2.81023251799508,0.0262516914749662,2.86864443839483,27.1845544381364,73.9,1.86864443839483,46778.7,216.2838412827
"R21-1-F","RODA","21","1","Future","7",4,104,14,118,0.0524,0.0619,0.0078,2.15,8.687,275.641025641026,0.126009693053312,0.824399260628466,7,16,"n",36,35,NA,35,0.16636,0.29706,NA,NA,1.7856455878817,"bent",8,1,32.5,178,75,"TX",10,"n",19,NA,NA,NA,"",98,0.46342,-1.28066871301627,-1.20830935097988,-2.10790539730952,0.0883176086632785,0.332438459915605,0.938869821512987,2.44034385722513,-0.899596046329638,0.407872529106828,-0.778951088307104,-0.527155823284872,-0.334025227123071,0.251795265022232,1.8750612633917,NA,NA,NA,NA,NA,NA,NA
"R21-2-C","RODA","21","2","Current","7",5,105,14,119,0.1431,0.1745,0.0147,4.872,15.468,331.428571428571,0.0842406876790831,0.803504380475595,6,12,"n",28,31,NA,28,0.32506,2.0731,NA,NA,6.37759182920076,"bent",10,8,64.5,738,485,"TX",10,"n",107,28.87,20.32,718,"",552,2.39816,-0.844360366240224,-0.758204568704801,-1.83268266525182,0.121243556529821,0.687707279624819,1.18943416340103,2.52038994487664,-1.07447809654702,0.570140333602176,-0.488036468978397,0.316620251635936,0.379878154909218,0.804656720614333,2.68574173860226,0.0283008356545961,2.8561244442423,26.7955220139485,71.8,1.8561244442423,39633.6,199.081892697453
"R21-2-F","RODA","21","2","Future","6",3,106,11,117,0.0695,0.0836,0.0079,2.861,11.856,362.151898734177,0.0944976076555024,0.813738441215324,8,20,"n",39,41,NA,40,0.27425,0.43281,NA,NA,1.57815861440292,"straight",8,7,33.5,294,254,"TX",10,"n",9,21.95,13.55,385,"KB",228,0.70706,-1.15801519540989,-1.07779372256098,-2.10237290870956,0.0888819441731559,0.456517857805263,1.07393819063525,2.55889076651482,-1.02457918614857,0.523688838911046,-0.561853363753251,-0.363702713486868,-0.150543731092384,0.198150650266383,2.40483371661994,0.0351948051948052,2.5854607295085,19.6214168703486,38.5,1.5854607295085,8778,93.6909814229737
"R26-1-C","RODA","26","1","Current","3",7,105,13,118,0.1057,0.1171,0.0086,4.157,14.359,483.372093023256,0.0734415029888984,0.894930875576037,4,10,"n",26,30,29,26,0.24704,1.79954,NA,NA,7.28440738341969,"bent",9,10,70.5,658,627,"CC",10,"n",107,27.94,19.04,469,"",560,2.04658,-0.975925012692574,-0.931443104927637,-2.06550154875643,0.092736184954957,0.618780024506215,1.15712419550487,2.68428157326265,-1.1340584438288,0.49703118614429,-0.607232721344358,0.255161504551701,0.311028725712042,0.862394225896058,2.79726754083072,0.0405970149253731,2.67117284271508,21.6564078277077,46.9,1.67117284271508,26264,162.061716639063
"R26-1-F","RODA","26","1","Future","5",5,NA,NA,NA,NA,NA,NA,NA,NA,NA,NA,NA,0,0,"y",NA,NA,NA,NA,NA,NA,NA,NA,NA,NA,NA,NA,NA,0,0,NA,NA,NA,NA,NA,NA,NA,NA,0,NA,NA,NA,NA,NA,NA,NA,NA,NA,NA,NA,NA,NA,NA,-Inf,NA,NA,NA,NA,NA,0,0
"R26-2-C","RODA","26","2","Current","2",5,105,14,119,0.1231,0.1502,0.0118,4.526,16.241,383.559322033898,0.0785619174434088,0.804190751445087,4,14,"n",34,40,NA,42,NA,2.34497,NA,NA,NA,"bent",10,13,75.5,880,NA,"EA",10,"n",121,NA,NA,NA,"",777,NA,-0.909741947068684,-0.82333006733185,-1.92811799269387,0.108627804912002,0.65571454961871,1.2106127663529,2.58383254231258,-1.10478792536202,NA,NA,0.370137291009397,NA,NA,NA,NA,NA,NA,NA,NA,NA,NA
"R26-2-F","RODA","26","2","Future","3",3,103,12,115,0.0485,0.0565,0.0062,2.168,9.25,349.677419354839,0.109734513274336,0.840954274353877,8,20,"n",37,37,38,37,NA,0.4031,NA,NA,NA,"straight",8,6,33,196,NA,"",10,"y",0,NA,NA,NA,"",170,NA,-1.31425826139774,-1.24795155218056,-2.20760831050175,0.0787400787401181,0.336059277866349,0.966141732739033,2.5436675883681,-0.959656758321185,NA,NA,-0.394587201846949,NA,NA,NA,NA,NA,NA,NA,NA,NA,NA
"R29-1-C","RODA","29","1","Current","8",6,103,13,116,0.1145,0.1273,0.0097,4.18,15.683,430.927835051546,0.0761979575805185,0.891156462585034,6,11,"n",28,30,NA,26,0.23142,1.4518,NA,NA,6.27344222625529,"bent",9,11,56,639,504,"TM",10,"n",70,21.75,13.9,649,"SB",547,1.68322,-0.941194513324093,-0.895171596346345,-2.01322826573376,0.098488578017961,0.621176281775035,1.19542914245706,2.63440454750879,-1.11805666938741,0.481061326651811,-0.635599110750314,0.161906792067279,0.226140882786166,0.797505902817593,2.70243053644553,0.0214175654853621,2.81224469680037,25.475478405714,64.9,1.81224469680037,35500.3,188.415232929824
"R29-1-F","RODA","29","1","Future","7",3,106,12,118,0.058,0.0692,0.0064,2.456,10.948,383.75,0.092485549132948,0.821656050955414,9,18,"n",35,39,NA,36,0.16369,0.30653,NA,NA,1.87262508400024,"straight",9,7,28,116,62,"EA",10,"y",0,23.32,14.82,536,"CH",95,0.47022,-1.23657200643706,-1.15989390554324,-2.19382002601611,0.08,0.39022836246913,1.03933478873809,2.58404838848524,-1.03392612047287,0.404586208366029,-0.785977851299567,-0.513527014793618,-0.327698902848434,0.272450836505949,1.79239168949825,0.0276492537313433,2.72916478969277,23.1516738055805,53.6,1.72916478969277,5092,71.3582510996451
"R29-2-C","RODA","29","2","Current","5",5,104,13,117,0.1134,0.1291,0.0099,4.02,14.801,406.060606060606,0.0766847405112316,0.868288590604027,6,14,"n",31,33,NA,30,0.28259,1.9503,NA,NA,6.90151810042818,"bent",10,10,74,676,569,"",10,"n",52,34.08,22.67,558,"",638,2.23289,-0.945386945443112,-0.88907375773358,-2.00436480540245,0.099498743710662,0.60422605308447,1.17029105862539,2.60859085848692,-1.11529104766887,0.531591948772741,-0.548843210575429,0.290101420759143,0.348867328727637,0.838944631334572,2.75511226639507,0.0406272401433692,2.74663419893758,23.6220236220354,55.8,1.74663419893758,35600.4,188.680682636035
"R29-2-F","RODA","29","2","Future","7",4,104,13,117,0.0437,0.0515,0.005,2.014,9.464,402.8,0.0970873786407767,0.832258064516129,8,16,"n",36,38,NA,36,0.1308,0.27887,NA,NA,2.13203363914373,"straight",7,8,26,117,87,"TX",10,"y",0,23.09,14.87,586,"CH",106,0.40967,-1.35951856302958,-1.28819277095881,-2.30102999566398,0.0707106781186548,0.304059466217599,0.976074731619874,2.60508946188158,-1.01283722470517,0.361662826400503,-0.883392256011752,-0.554598203321736,-0.387565838125193,0.328794052690016,1.93951925261862,0.0253754266211604,2.76789761601809,24.2074368738204,58.6,1.76789761601809,6211.6,78.8137043920662
"R33-1-C","RODA","33","1","Current","5",7,NA,NA,NA,NA,NA,NA,NA,NA,NA,NA,NA,0,0,"y",NA,NA,NA,NA,NA,NA,NA,NA,NA,NA,NA,NA,NA,0,0,NA,NA,NA,NA,NA,NA,NA,NA,0,NA,NA,NA,NA,NA,NA,NA,NA,NA,NA,NA,NA,NA,NA,-Inf,NA,NA,NA,NA,NA,0,0
"R33-1-F","RODA","33","1","Future","5",3,108,10,118,0.0428,0.0507,0.0048,2.095,8.779,436.458333333333,0.0946745562130177,0.827886710239651,8,19,"n",37,42,NA,35,0.14128,0.28818,NA,NA,2.03977916194791,"leaning",13,1,27,157,119,"TM",10,"y",0,17.96,11.2,500,"SB",132,0.42946,-1.36855623098683,-1.29499204066666,-2.31875876262441,0.0692820323027551,0.321184027302314,0.94344504902503,2.63994278992673,-1.02376672195775,0.375872318746672,-0.849919313766507,-0.540336162977394,-0.367077280233802,0.309583150789112,2.07554696139253,0.0224,2.69897000433602,22.3606797749979,50,1.69897000433602,6600,81.2403840463596
"R33-2-C","RODA","33","2","Current","4",6,97,20,117,0.1421,0.1581,0.0124,5.832,18.342,470.322580645161,0.0784313725490196,0.890185312285518,4,14,"n",27,NA,NA,27,0.27448,1.7046,NA,NA,6.21028854561352,"broken",12,12,61,901,567,"TM",10,"n",76,23.76,14.54,628,"CC",767,1.97908,-0.84740592207253,-0.801068130067791,-1.90657831483776,0.1113552872566,0.765817515309918,1.26344668910973,2.67239583014768,-1.10551018476997,0.523908388938372,-0.561489294951883,0.231622484106579,0.296463349970078,0.793111779058463,2.75358305889291,0.0231528662420382,2.7979596437372,25.0599281722833,62.8,1.7979596437372,48167.6,219.471182618584
"R33-2-F","RODA","33","2","Future","4",4,104,14,118,0.0429,0.0508,0.0055,1.92,7.758,349.090909090909,0.108267716535433,0.82560706401766,7,18,"n",30,33,NA,36,0.12154,0.24772,NA,NA,2.0381767319401,"bent",10,4,26.5,125,84,"TX",10,"y",0,18.16,11.32,505,"CC",100,0.36926,-1.36754270781528,-1.29413628771608,-2.25963731050576,0.0741619848709566,0.28330122870355,0.889749775264038,2.54293853920931,-0.965501022789675,0.348625873968069,-0.915280767988702,-0.606038928662466,-0.432667734645634,0.309241839326236,1.92427928606188,0.0224158415841584,2.70329137811866,22.4722050542442,50.5,1.70329137811866,5050,71.0633520177595
"R35-1-C","RODA","35","1","Current","2",5,105,13,118,0.1061,0.1244,0.0096,4.061,13.741,423.020833333333,0.0771704180064309,0.840592334494774,6,14,"n",34,39,NA,34,0.32028,2.0256,NA,NA,6.32446609216935,"bent",9,12,70,636,513,"CC",10,"n",73,31.11,20.86,686,"CC",732,2.34588,-0.974284616098659,-0.9051796196452,-2.01772876696043,0.0979795897113271,0.608632989490037,1.13801833961426,2.62636175645047,-1.11254914731523,0.565932858208463,-0.494470180164867,0.306553688337261,0.37030579265984,0.801023868502129,2.71011736511182,0.0304081632653061,2.83632411570675,26.1916017074176,68.6,1.83632411570675,50215.2,224.087482916829
"R35-1-F","RODA","35","1","Future","8",3,105,12,117,0.0529,0.0643,0.0067,2.248,9.325,335.522388059702,0.104199066874028,0.802083333333333,8,20,"n",40,44,NA,41,0.22951,0.35276,NA,NA,1.53701363774999,"straight",8,7,26.5,222,117,"TX",10,"n",29,21.17,13.78,448,"CH",150,0.58227,-1.27654432796481,-1.19178902707578,-2.17392519729917,0.0818535277187245,0.351796306897024,0.969648840480725,2.5257215041962,-0.982136170223396,0.479072019637966,-0.639198387032148,-0.452520666068974,-0.234875585248475,0.186677720963174,2.06818586174616,0.0307589285714286,2.65127801399814,21.1660104885167,44.8,1.65127801399814,6720,81.9756061276768
"R35-2-C","RODA","35","2","Current","6",5,107,NA,NA,NA,NA,NA,NA,NA,NA,NA,NA,2,6,"n",17,21,NA,NA,NA,NA,NA,NA,NA,NA,NA,NA,NA,0,0,NA,NA,NA,NA,NA,NA,NA,NA,0,NA,NA,NA,NA,NA,NA,NA,NA,NA,NA,NA,NA,NA,NA,-Inf,NA,NA,NA,NA,NA,0,0
"R35-2-F","RODA","35","2","Future","3",3,106,13,119,0.0638,0.0747,0.0076,2.389,9.973,314.342105263158,0.101740294511379,0.837555886736214,7,16,"n",34,35,NA,36,0.16365,0.28163,NA,NA,1.72092881148793,"straight",9,8,30.5,103,78,"TX",10,"n",2,22.24,14.43,511,"CH",89,0.44528,-1.19517932127884,-1.1266793981846,-2.11918640771921,0.0871779788708135,0.378216149749878,0.998825819040286,2.49740255746909,-0.992507009534607,0.404536772123376,-0.786083990355977,-0.550321084826449,-0.351366811010032,0.235762905529528,1.89209460269048,0.028238747553816,2.70842090013471,22.6053091109146,51.1,1.70842090013471,4547.9,67.4381197839916
"R40-1-C","RODA","40","1","Current","mix",5,106,12,118,0.1428,0.1526,0.0129,5.013,16.067,388.604651162791,0.0845347313237221,0.929849677881174,4,12,"n",29,34,NA,28,0.29817,1.6587,NA,NA,5.5629338967703,"bent",10,12,69,679,474,"TM",10,"n",67,30.28,20.4,711,"CC",480,1.95687,-0.845271792559844,-0.816445466381138,-1.88941028970075,0.113578166916005,0.700097704613054,1.20593479368468,2.5895079943138,-1.07296482331961,0.546049448310316,-0.525536054678715,0.219767844658399,0.291561975296253,0.745303899337114,2.67577834167409,0.0286919831223629,2.85186960072977,26.6645832519468,71.1,1.85186960072977,34128,184.737651820088
"R40-1-F","RODA","40","1","Future","2",3,107,12,119,0.0437,0.0527,0.0059,1.865,8.706,316.101694915254,0.111954459203036,0.807692307692308,7,16,"n",33,37,NA,35,0.13378,0.24762,NA,NA,1.85094931977874,"straight",8,9,24,88,73,"TX",10,"y",0,21.81,14.42,524,"EA",88,0.3814,-1.35951856302958,-1.27818938478745,-2.22914798835786,0.0768114574786861,0.270678836144706,0.939818662821379,2.49982682450256,-0.950958603570402,0.365759483814159,-0.873608808383385,-0.60621428073894,-0.418619311290013,0.267394527644445,1.86332286012046,0.0275190839694656,2.71933128698373,22.8910462845192,52.4,1.71933128698373,4611.2,67.9058171293152
"R40-2-C","RODA","40","2","Current","5",5,105,13,118,0.1522,0.18,0.0147,5.554,17.705,377.823129251701,0.0816666666666667,0.831820931639443,4,12,"n",28,34,NA,28,0.45431,1.776,NA,NA,3.90922497853888,"bent",9,11,71.5,627,555,"TX",10,"n",66,27.54,18.56,714,"",548,2.23031,-0.817585347565446,-0.744727494896694,-1.83268266525182,0.121243556529821,0.744605875414239,1.24809593109413,2.57728854066606,-1.08795517035513,0.674025222080005,-0.342647703649777,0.249442961442582,0.348365231627747,0.59209066509236,2.74429298312268,0.0259943977591036,2.85369821177617,26.7207784317748,71.4,1.85369821177617,39127.2,197.805965531882
"R40-2-F","RODA","40","2","Future","7",3,106,13,119,0.0403,0.0512,0.0089,1.625,7.565,182.584269662921,0.173828125,0.742316784869976,5,14,"n",35,35,NA,35,0.12464,0.2481,NA,NA,1.99053273427471,"bent",7,7,25,222,179,"TM",7,"n",22,12.4,7.36,229,"CC",182,0.37274,-1.39469495385889,-1.29073003902417,-2.05060999335509,0.094339811320566,0.210853365314893,0.878808932359206,2.26146335866998,-0.759879954330918,0.35304390661786,-0.904342559671511,-0.605373235727791,-0.428593999123997,0.29896932394372,2.25285303097989,0.0321397379912664,2.35983548233989,15.1327459504216,32.7142857142857,1.51473744232563,5954,77.1621668954417
"R47-1-C","RODA","47","1","Current","3",14,104,10,114,0.1182,0.127,0.0099,4.65,16.776,469.69696969697,0.0779527559055118,0.924850555081127,2,6,"n",20,25,NA,21,0.16186,NA,NA,NA,NA,"bent",8,9,62,565,498,"CC",10,"n",79,25.71,17.41,697,"",446,NA,-0.927382523454763,-0.896196279044043,-2.00436480540245,0.099498743710662,0.667452952889954,1.22468841745729,2.6718177582924,-1.10816852635841,0.402318281960937,-0.790860463943467,NA,NA,NA,2.69722934275972,0.0249784791965567,2.84323277809801,26.4007575648882,69.7,1.84323277809801,31086.2,176.312790233721
"R47-1-F","RODA","47","1","Future","6",5,102,13,115,0.0414,0.0497,0.0054,1.806,8.952,334.444444444444,0.108651911468813,0.812641083521445,6,14,"n",35,35,NA,36,0.27053,0.23648,0.18813,0.371057770063707,0.874135955346912,"straight",7,6,28.5,108,95,"TX",10,"n",38,18.54,11.94,408,"CH",80,0.50701,-1.3829996588791,-1.30364361126667,-2.26760624017703,0.0734846922834953,0.256717745977487,0.951920073520294,2.52432398615452,-0.963962628910364,0.520124984979572,-0.567784567481536,-0.626205583285268,-0.294983474785027,-0.058421015803732,1.97772360528885,0.0292647058823529,2.61066016308988,20.1990098767242,40.8,1.61066016308988,3264,57.1314274283428
"R47-2-C","RODA","47","2","Current","3",4,106,13,119,0.0813,0.0928,0.0076,3.049,12.729,401.184210526316,0.0818965517241379,0.865023474178404,6,12,"n",25,31,NA,24,0.22836,1.9483,NA,NA,8.53170432650201,"bent",9,9,71,714,425,"CC",10,"n",135,29.87,20.15,554,"SB",642,2.17666,-1.08990945440593,-1.03245202378114,-2.11918640771921,0.0871779788708135,0.484157424365381,1.10479428648628,2.60334383208459,-1.08673438393807,0.477870275283994,-0.641379965665355,0.28965583052675,0.337790596401822,0.931035796192105,2.62838893005031,0.0363718411552347,2.74350976472843,23.5372045918796,55.4,1.74350976472843,35566.8,188.591622295371
"R47-2-F","RODA","47","2","Future","3",4,105,12,117,0.0541,0.0649,0.0071,2.313,9.665,325.774647887324,0.10939907550077,0.813148788927336,8,18,"n",38,40,NA,37,0.20062,0.24564,NA,NA,1.22440434652577,"leaning",8,1,29,89,81,"TM",10,"n",4,17.51,9.61,500,"CH",73,0.44626,-1.26680273489343,-1.18775530319963,-2.14874165128092,0.0842614977317636,0.364175632770619,0.985201858364572,2.51291728405154,-0.960986348081294,0.447906240188725,-0.697625773924417,-0.609700911289869,-0.350412038899561,0.087924862634548,1.90848501887865,0.01922,2.69897000433602,22.3606797749979,50,1.69897000433602,3650,60.4152298679729
"R47-3-C","RODA","47","3","Current","5",5,105,14,119,0.1195,0.1402,0.0107,4.833,15.829,451.682242990654,0.0763195435092725,0.84015444015444,6,13,"n",28,31,NA,25,0.23074,1.6503,0.21055,0.111932760600519,7.1522059460865,"bent",10,12,70,715,558,"TX",10,"n",98,28.12,18.83,707,"",559,1.88104,-0.922632094715844,-0.85325198636936,-1.97061622231479,0.103440804327886,0.68421679513888,1.19945347909483,2.65483301745367,-1.11736423594543,0.48035403610254,-0.63687711170585,0.217562899669428,0.274398030847865,0.854440011375278,2.74663419893758,0.0266336633663366,2.8494194137969,26.5894716006167,70.7,1.8494194137969,39521.3,198.799647887012
"R47-3-F","RODA","47","3","Future","7",4,106,12,118,0.053,0.0643,0.0062,2.382,9.802,384.193548387097,0.0964230171073095,0.805507745266781,7,17,"n",38,42,NA,38,0.20367,0.08428,0.08225,0.285639868032645,0.413806648009034,"",NA,NA,NA,NA,NA,"",NA,"",NA,NA,NA,NA,"",NA,0.28795,-1.27572413039921,-1.19178902707578,-2.20760831050175,0.0787400787401181,0.376941757146759,0.991314698176611,2.5845500676485,-1.01581928342597,0.451298127627403,-0.691072936605947,-1.07427547306394,-0.540682917134075,-0.383202536457991,NA,NA,NA,NA,NA,NA,NA,NA
"R47-4-C","RODA","47","4","Current","7",5,105,14,119,0.1613,0.1955,0.0154,5.83,16.754,378.571428571429,0.078772378516624,0.810105496946141,4,12,"n",28,31,NA,25,0.25508,0.11322,0.20106,0.545913657344556,0.443860749568763,"",NA,NA,NA,NA,NA,"",NA,"",NA,NA,NA,NA,"",NA,0.3683,-0.792365632611038,-0.708853238268114,-1.81247927916354,0.124096736459909,0.765668554759014,1.22411851110638,2.57814783392255,-1.10362604089542,0.505054452509826,-0.593323591684783,-0.946076849451425,-0.433798281145087,-0.352753257766642,NA,NA,NA,NA,NA,NA,NA,NA
"R47-4-F","RODA","47","4","Future","mix",5,106,11,117,0.0419,0.0495,0.0054,1.832,8.749,339.259259259259,0.109090909090909,0.827664399092971,6,13,"n",31,35,NA,31,0.12895,0.0651,0.04532,0.233548054625097,0.504846839860411,"",NA,NA,NA,NA,NA,"",NA,"",NA,NA,NA,NA,"",NA,0.19405,-1.3777859770337,-1.30539480106643,-2.26760624017703,0.0734846922834953,0.262925469331832,0.941958416530814,2.53053170950886,-0.9622114391106,0.359096087419509,-0.889578653526044,-1.18641901143181,-0.712086352923966,-0.296840357905764,NA,NA,NA,NA,NA,NA,NA,NA
"R47-5-C","RODA","47","5","Current","1",5,107,11,118,0.0927,0.1088,0.0086,3.626,12.87,421.627906976744,0.0790441176470588,0.839321357285429,4,10,"n",25,29,NA,24,0.20933,0.09302,0.11717,0.387531007110964,0.444370133282377,"",NA,NA,NA,NA,NA,"",NA,"",NA,NA,NA,NA,"",NA,0.30235,-1.0329202658555,-0.963371104637839,-2.06550154875643,0.092736184954957,0.55942779975949,1.10957854690439,2.62492934851592,-1.10213044411859,0.457525955547879,-0.679168526554755,-1.0314236648245,-0.519490027058039,-0.352255138269748,NA,NA,NA,NA,NA,NA,NA,NA
"R47-5-F","RODA","47","5","Future","4",3,108,13,121,0.0526,0.0633,0.0074,2.035,9.949,275,0.116903633491311,0.808586762075134,7,16,"n",36,41,NA,38,0.18823,0.20531,0.11062,0.281089596991411,1.09074005206396,"bent",8,6,23.5,114,77,"TX",10,"n",6,19.76,12.31,425,"EA",98,0.39354,-1.27901425584626,-1.19859628998265,-2.13076828026902,0.0860232526704263,0.308564413561239,0.997779430865604,2.43933269383026,-0.932171990286379,0.433854814425287,-0.725311157762442,-0.687589897005191,-0.405011118714321,0.0377212607572505,1.88649072517248,0.0289647058823529,2.62838893005031,20.6155281280883,42.5,1.62838893005031,4165,64.5368112010502
"R47-6-C","RODA","47","6","Current","1",7,106,10,116,0.109,0.1236,0.0101,4.599,14.558,455.346534653465,0.0817152103559871,0.87136563876652,4,9,"n",23,28,NA,22,0.17616,1.6788,0.17948,0.096756803381205,9.5299727520436,"bent",9,12,56,767,680,"CC",10,"n",120,24.22,15.96,725,"CH",635,1.85496,-0.962573502059376,-0.907981529247203,-1.99567862621736,0.100498756211209,0.662663409574038,1.16310171504398,2.65834203579139,-1.08769709697015,0.41971418846639,-0.754092698372323,0.224998960539452,0.268334549009515,0.979091658911776,2.83250891270624,0.0220137931034483,2.86033800657099,26.9258240356725,72.5,1.86033800657099,46037.5,214.563510411253
"R47-6-F","RODA","47","6","Future","1",NA,NA,NA,NA,NA,NA,NA,NA,NA,NA,NA,NA,0,0,"y",NA,NA,NA,NA,NA,NA,NA,NA,NA,NA,NA,NA,NA,0,0,NA,NA,NA,NA,NA,NA,NA,NA,0,NA,NA,NA,NA,NA,NA,NA,NA,NA,NA,NA,NA,NA,NA,-Inf,NA,NA,NA,NA,NA,0,0
"R5-1-C","RODA","5","1","Current","7",18,102,7,109,0.0832,0.0916,0.0069,3.633,15.449,526.521739130435,0.0753275109170306,0.900826446280992,4,5,"n",17,25,NA,20,0.13606,1.2257,NA,NA,9.00852565044833,"leaning",7,7,59.5,467,366,"TX",10,"n",79,24.68,16.96,667,"",376,1.36176,-1.07987667370928,-1.03810452633215,-2.16115090926274,0.0830662386291807,0.560265397862715,1.18890037317591,2.72141630712546,-1.12304638293059,0.368863118243069,-0.866269533375451,0.088384186097703,0.13410057317144,0.954653719473154,2.56348108539441,0.0254272863568216,2.82412583391655,25.8263431402899,66.7,1.82412583391655,25079.2,158.36413735439
"R5-1-F","RODA","5","1","Future","5",8,NA,NA,NA,NA,NA,NA,NA,NA,NA,NA,NA,0,0,"y",NA,NA,NA,NA,NA,NA,NA,NA,NA,NA,NA,NA,NA,0,0,NA,NA,NA,NA,NA,NA,NA,NA,0,NA,NA,NA,NA,NA,NA,NA,NA,NA,NA,NA,NA,NA,NA,-Inf,NA,NA,NA,NA,NA,0,0
"R5-2-C","RODA","5","2","Current","4",NA,NA,NA,NA,NA,NA,NA,NA,NA,NA,NA,NA,0,0,"y",NA,NA,NA,NA,NA,NA,NA,NA,NA,NA,NA,NA,NA,0,0,NA,NA,NA,NA,NA,NA,NA,NA,0,NA,NA,NA,NA,NA,NA,NA,NA,NA,NA,NA,NA,NA,NA,-Inf,NA,NA,NA,NA,NA,0,0
"R5-2-F","RODA","5","2","Future","1",8,NA,NA,NA,NA,NA,NA,NA,NA,NA,NA,NA,0,0,"y",NA,NA,NA,NA,NA,NA,NA,NA,NA,NA,NA,NA,NA,0,0,NA,NA,NA,NA,NA,NA,NA,NA,0,NA,NA,NA,NA,NA,NA,NA,NA,NA,NA,NA,NA,NA,NA,-Inf,NA,NA,NA,NA,NA,0,0
"R8-1-C","RODA","8","1","Current","2",7,106,10,116,0.0913,0.1042,0.0088,3.723,13.857,423.068181818182,0.0844529750479846,0.864779874213837,4,11,"n",24,31,NA,25,0.2371,1.9083,NA,NA,8.0485027414593,"bent",9,11,70,819,599,"TX",10,"n",179,29.75,20.35,722,"",647,2.1454,-1.0395292224657,-0.982132281036494,-2.05551732784983,0.0938083151964686,0.570893036218392,1.14166921696621,2.62641036406822,-1.07338504681334,0.486929152957594,-0.625068446021812,0.280646650296195,0.331508276286389,0.905715096318007,2.77742682238931,0.028185595567867,2.85853719756964,26.8700576850888,72.2,1.85853719756964,46713.4,216.13282952851
"R8-1-F","RODA","8","1","Future","1",3,136,6,142,0.0167,0.0188,0.00167,0.884,5.505,529.341317365269,0.0888297872340426,0.877408056042032,8,18,"n",28,38,NA,37,0.05134,0.1524,NA,NA,2.96844565640826,"leaning",10,1,22,102,62,"",10,"y",0,11.96,6.97,386,"EA",56,0.20374,-1.77728352885242,-1.72584215073632,-2.77728352885242,0.0408656334834051,-0.0535477349869269,0.740757323307771,2.72373579386549,-1.0514413781161,0.226583318009071,-1.28954413566458,-0.817015032996418,-0.690923698177669,0.472529102668157,1.79239168949825,0.0180569948186529,2.58658730467176,19.6468827043885,38.6,1.58658730467175,2161.6,46.4930102273449
"R8-2-C","RODA","8","2","Current","1",5,107,13,120,0.1191,0.1273,0.0104,4.825,15.775,463.942307692308,0.0816967792615868,0.929854576561163,5,12,"n",22,29,23,25,0.193,1.9623,NA,NA,10.1673575129534,"broken",10,13,63.5,906,645,"TX",10,"n",134,27.94,18.75,727,"",739,2.1553,-0.924088238517223,-0.895171596346345,-1.98296666070122,0.101980390271856,0.683497317679811,1.19796936791617,2.66646397838103,-1.08779506435488,0.439317652729776,-0.714442690992226,0.292765403851628,0.333507728917455,1.00720809484385,2.80955971463527,0.0257909215955983,2.86153441085904,26.9629375254255,72.7,1.86153441085904,53725.3,231.787186876238
"R8-2-F","RODA","8","2","Future","1",3,116,6,122,0.038,0.0496,0.0045,1.709,8.09,379.777777777778,0.0907258064516129,0.742793791574279,9,20,"n",31,36,42,39,0.12699,0.19108,NA,NA,1.50468540829987,"straight",10,8,22.5,88,49,"TX",10,"y",0,18.91,12.23,461,"EA",68,0.31807,-1.42021640338319,-1.3045183235098,-2.34678748622466,0.0670820393249937,0.232742062720737,0.907948521612272,2.57952954894539,-1.04226916271485,0.356356563009579,-0.896230476806327,-0.718784767388684,-0.497477291121716,0.177445709417644,1.69019608002851,0.026529284164859,2.66370092538965,21.4709105535839,46.1,1.66370092538965,3134.8,55.989284689126
"R9-1-C","RODA","9","1","Current","1",6,106,12,118,0.1208,0.1426,0.0113,4.242,15.555,375.398230088496,0.0792426367461431,0.833968012185834,6,11,"n",28,34,NA,28,0.31559,2.5963,NA,NA,8.22681327038246,"bent",10,12,75,1108,514,"TX",10,"n",64,28.59,19.12,707,"CC",974,2.91189,-0.917933065714887,-0.845880474484153,-1.94692155651658,0.106301458127346,0.627570664180543,1.19187001544472,2.57449222069712,-1.10104108203243,0.561773975901341,-0.500876766595777,0.414354873342867,0.464174964976396,0.915231639938644,2.71096311899528,0.027043847241867,2.8494194137969,26.5894716006167,70.7,1.8494194137969,68861.8,262.415319674748
"R9-1-F","RODA","9","1","Future","6",NA,NA,NA,NA,NA,NA,NA,NA,NA,NA,NA,NA,0,0,"y",NA,NA,NA,NA,NA,NA,NA,NA,NA,NA,NA,NA,NA,0,0,NA,NA,NA,NA,NA,NA,NA,NA,0,NA,NA,NA,NA,NA,NA,NA,NA,NA,NA,NA,NA,NA,NA,-Inf,NA,NA,NA,NA,NA,0,0
"R9-2-C","RODA","9","2","Current","1",6,98,19,117,0.1391,0.1571,0.0121,5.226,16.156,431.900826446281,0.0770210057288351,0.875862068965517,6,12,"n",25,NA,NA,26,0.25721,1.986,NA,NA,7.72131721161697,"bent",10,9,77,889,807,"CC",10,"n",52,28.03,19.24,701,"CC",707,2.24321,-0.856672870007954,-0.803823814960027,-1.91721462968355,0.11,0.718169405391307,1.20833384449795,2.63538403507486,-1.11339081472352,0.507158752265994,-0.589712150598539,0.297979244159362,0.350869932331117,0.887691394757902,2.90687353472207,0.0274465049928673,2.84571801796666,26.4764045897475,70.1,1.84571801796666,49560.7,222.622325924423
"R9-2-F","RODA","9","2","Future","7",4,107,13,120,0.056,0.0636,0.0063,2.32,10.351,368.253968253968,0.0990566037735849,0.867364746945899,7,16,"n",33,36,NA,36,0.15901,0.26498,NA,NA,1.66643607320294,"straight",12,7,24.5,100,77,"TX",10,"n",9,20.96,14.38,487,"EA",87,0.42399,-1.2518119729938,-1.19654288435159,-2.20065945054642,0.0793725393319377,0.3654879848909,1.01498230858548,2.56614743543732,-1.00411656619483,0.39876057979695,-0.798575562420088,-0.576786904242151,-0.372644386322441,0.221788658177938,1.88649072517248,0.0295277207392197,2.68752896121463,22.0680764907139,48.7,1.68752896121463,4236.9,65.091474096075
