"Treatment","Geno_ID","emmean","SE","df","lower.CL","upper.CL","trait","response","year"
"Current","BELM1",0.896021220159151,0.0343948037893916,46,0.826788070985787,0.965254369332515,"RWC",NA,"2021"
"Future","BELM1",0.840255591054312,0.0343948037893916,46,0.771022441880949,0.909488740227676,"RWC",NA,"2021"
"Current","BELM12",0.868161223455951,0.0130000138885132,46,0.841993552713871,0.89432889419803,"RWC",NA,"2021"
"Future","BELM12",0.795836412955491,0.0140416198478591,46,0.767572098162035,0.824100727748946,"RWC",NA,"2021"
"Current","BELM13",0.888950227123769,0.0243207989970599,46,0.839994997860383,0.937905456387155,"RWC",NA,"2021"
"Future","BELM13",NA,NA,NA,NA,NA,"RWC",NA,"2021"
"Current","BELM15",0.910861241127739,0.0243207989970596,46,0.861906011864354,0.959816470391124,"RWC",NA,"2021"
"Future","BELM15",0.805761654533499,0.0243207989970596,46,0.756806425270114,0.854716883796884,"RWC",NA,"2021"
"Current","BELM2",0.842105263157895,0.0343948037893917,46,0.772872113984531,0.911338412331259,"RWC",NA,"2021"
"Future","BELM2",0.798254322826177,0.0243207989970596,46,0.749299093562792,0.847209552089562,"RWC",NA,"2021"
"Current","BELM3",0.887364160567754,0.0243207989970596,46,0.838408931304368,0.936319389831139,"RWC",NA,"2021"
"Future","BELM3",0.772208694083694,0.0243207989970596,46,0.723253464820309,0.82116392334708,"RWC",NA,"2021"
"Current","BELM4",0.806034482758621,0.0343948037893917,46,0.736801333585257,0.875267631931985,"RWC",NA,"2021"
"Future","BELM4",NA,NA,NA,NA,NA,"RWC",NA,"2021"
"Current","BELM8",0.911085953309708,0.0243207989970596,46,0.862130724046323,0.960041182573094,"RWC",NA,"2021"
"Future","BELM8",0.864083296841594,0.0243207989970596,46,0.815128067578209,0.91303852610498,"RWC",NA,"2021"
"Current","RODA11",0.904726237551995,0.0243207989970596,46,0.85577100828861,0.953681466815381,"RWC",NA,"2021"
"Future","RODA11",0.863012047664751,0.0243207989970596,46,0.814056818401366,0.911967276928136,"RWC",NA,"2021"
"Current","RODA15",0.89142208618618,0.0243207989970596,46,0.842466856922795,0.940377315449565,"RWC",NA,"2021"
"Future","RODA15",0.862443964801594,0.0243207989970596,46,0.813488735538209,0.91139919406498,"RWC",NA,"2021"
"Current","RODA2",0.887570359231264,0.0243207989970596,46,0.838615129967879,0.936525588494649,"RWC",NA,"2021"
"Future","RODA2",0.821382092228014,0.0243207989970596,46,0.772426862964628,0.870337321491399,"RWC",NA,"2021"
"Current","RODA21",0.803067979711481,0.0243207989970596,46,0.754112750448096,0.852023208974867,"RWC",NA,"2021"
"Future","RODA21",0.819068850921895,0.0243207989970596,46,0.77011362165851,0.86802408018528,"RWC",NA,"2021"
"Current","RODA26",0.849560813510562,0.0243207989970596,46,0.800605584247177,0.898516042773947,"RWC",NA,"2021"
"Future","RODA26",0.840954274353877,0.0343948037893917,46,0.771721125180513,0.910187423527241,"RWC",NA,"2021"
"Current","RODA29",0.879722526594531,0.0243207989970596,46,0.830767297331145,0.928677755857916,"RWC",NA,"2021"
"Future","RODA29",0.826957057735772,0.0243207989970596,46,0.778001828472386,0.875912286999157,"RWC",NA,"2021"
"Current","RODA33",0.890185312285518,0.0343948037893916,46,0.820952163112154,0.959418461458882,"RWC",NA,"2021"
"Future","RODA33",0.826746887128656,0.0243207989970596,46,0.77779165786527,0.875702116392041,"RWC",NA,"2021"
"Current","RODA35",0.840592334494774,0.0343948037893916,46,0.77135918532141,0.909825483668138,"RWC",NA,"2021"
"Future","RODA35",0.819819610034774,0.0243207989970596,46,0.770864380771388,0.868774839298159,"RWC",NA,"2021"
"Current","RODA40",0.880835304760309,0.0243207989970596,46,0.831880075496923,0.929790534023694,"RWC",NA,"2021"
"Future","RODA40",0.775004546281142,0.0243207989970596,46,0.726049317017757,0.823959775544527,"RWC",NA,"2021"
"Current","RODA47",0.85847016040201,0.0140416198478591,46,0.830205845608555,0.886734475195466,"RWC",NA,"2021"
"Future","RODA47",0.813509755776733,0.0153818238691694,46,0.782547750207129,0.844471761346338,"RWC",NA,"2021"
"Current","RODA5",0.900826446280992,0.0343948037893917,46,0.831593297107628,0.970059595454356,"RWC",NA,"2021"
"Future","RODA5",NA,NA,NA,NA,NA,"RWC",NA,"2021"
"Current","RODA8",0.897317225387501,0.0243207989970596,46,0.848361996124115,0.946272454650886,"RWC",NA,"2021"
"Future","RODA8",0.810100923808155,0.0243207989970596,46,0.76114569454477,0.85905615307154,"RWC",NA,"2021"
"Current","RODA9",0.854915040575675,0.0243207989970599,46,0.805959811312289,0.903870269839061,"RWC",NA,"2021"
"Future","RODA9",0.867364746945899,0.0343948037893918,46,0.798131597772535,0.936597896119263,"RWC",NA,"2021"
"Current","BELM1",NA,NA,NA,NA,NA,"l10_SLA",NA,"2021"
"Future","BELM1",NA,73.5115929342212,45,348.103579144501,649.035428553835,"l10_SLA",475.32258064516,"2021"
"Current","BELM12",NA,38.8157124411618,45,590.280146783377,746.999330267121,"l10_SLA",664.032284092543,"2021"
"Future","BELM12",NA,24.4885860748472,45,341.542015490994,440.453190131925,"l10_SLA",387.857280822593,"2021"
"Current","BELM13",NA,80.0852724176322,45,587.547377705157,912.762193157089,"l10_SLA",732.318942167861,"2021"
"Future","BELM13",NA,NA,NA,NA,NA,"l10_SLA",NA,"2021"
"Current","BELM15",NA,68.0388910747654,45,499.168833746062,775.465020753379,"l10_SLA",622.163941433711,"2021"
"Future","BELM15",NA,44.3650088264327,45,325.484871449319,505.644815000126,"l10_SLA",405.684283167749,"2021"
"Current","BELM2",NA,117.848038567504,45,558.052442928498,1040.48285668807,"l10_SLA",762,"2021"
"Future","BELM2",NA,53.9750954644491,45,395.989485259468,615.17461356786,"l10_SLA",493.561220692458,"2021"
"Current","BELM3",NA,66.9788294177643,45,491.391667883047,763.38309640304,"l10_SLA",612.470483350189,"2021"
"Future","BELM3",NA,44.9236244323341,45,329.583167234353,512.011568713784,"l10_SLA",410.792398271096,"2021"
"Current","BELM4",NA,176.050328831159,45,833.661020385318,1554.35212405502,"l10_SLA",1138.33333333334,"2021"
"Future","BELM4",NA,NA,NA,NA,NA,"l10_SLA",NA,"2021"
"Current","BELM8",NA,68.4308609637574,45,502.04452953212,779.932450091223,"l10_SLA",625.748208125985,"2021"
"Future","BELM8",NA,50.1520337094924,45,367.941507883355,571.601730231311,"l10_SLA",458.602226913524,"2021"
"Current","RODA11",NA,62.9596212954016,45,298.136234568101,555.871844943052,"l10_SLA",407.094017094018,"2021"
"Future","RODA11",NA,43.9032859342067,45,322.097431207633,500.382384255789,"l10_SLA",401.462178281268,"2021"
"Current","RODA15",NA,47.2686185071796,45,346.787268285851,538.738354676807,"l10_SLA",432.235586618205,"2021"
"Future","RODA15",NA,47.8325481373926,45,350.924550528134,545.165674338969,"l10_SLA",437.392294434607,"2021"
"Current","RODA2",NA,43.7863072962485,45,321.239214835196,499.049134397083,"l10_SLA",400.392497554466,"2021"
"Future","RODA2",NA,40.6735224688838,45,298.402199895157,463.571546320278,"l10_SLA",371.928446385552,"2021"
"Current","RODA21",NA,42.0371853756255,45,308.406743061992,479.113729145026,"l10_SLA",384.398107125806,"2021"
"Future","RODA21",NA,34.5517223638417,45,253.489477618387,393.799071041574,"l10_SLA",315.949237702727,"2021"
"Current","RODA26",NA,47.0879135313106,45,345.461522221624,536.678791599734,"l10_SLA",430.583176970613,"2021"
"Future","RODA26",NA,54.0797874046127,45,256.087057884387,477.471601324985,"l10_SLA",349.677419354843,"2021"
"Current","RODA29",NA,45.7456805040346,45,335.614199840891,521.380853230799,"l10_SLA",418.309476188881,"2021"
"Future","RODA29",NA,42.9953327748842,45,315.436212712213,490.034098085702,"l10_SLA",393.159636788925,"2021"
"Current","RODA33",NA,72.7383118412581,45,344.441817707961,642.208113221232,"l10_SLA",470.322580645158,"2021"
"Future","RODA33",NA,42.6867464054832,45,313.172261967417,486.517022313718,"l10_SLA",390.337849002168,"2021"
"Current","RODA35",NA,65.4228024691924,45,309.800274870495,577.619324285087,"l10_SLA",423.020833333335,"2021"
"Future","RODA35",NA,35.5152127243392,45,260.558146022266,404.780335735878,"l10_SLA",324.759624685105,"2021"
"Current","RODA40",NA,41.903534534394,45,307.426210700384,477.590459868702,"l10_SLA",383.175971772877,"2021"
"Future","RODA40",NA,26.27226288254,45,192.747039462132,299.434934338653,"l10_SLA",240.239874095274,"2021"
"Current","RODA47",NA,27.0516691009283,45,377.289303632617,486.552956445911,"l10_SLA",428.452128151872,"2021"
"Future","RODA47",NA,22.8146354340752,45,286.967102017986,379.166696273058,"l10_SLA",329.86113443571,"2021"
"Current","RODA5",NA,81.4298611806731,45,385.599399969424,718.945988502371,"l10_SLA",526.521739130436,"2021"
"Future","RODA5",NA,NA,NA,NA,NA,"l10_SLA",NA,"2021"
"Current","RODA8",NA,48.4495291400503,45,355.451045341249,552.197640593454,"l10_SLA",443.034116726821,"2021"
"Future","RODA8",NA,49.0326155957945,45,359.728872059018,558.843297854503,"l10_SLA",448.365999151298,"2021"
"Current","RODA9",NA,44.0342412392511,45,323.058187708214,501.874931484889,"l10_SLA",402.659665004694,"2021"
"Future","RODA9",NA,56.952766211851,45,269.691635960947,502.837192750143,"l10_SLA",368.25396825397,"2021"
"Current","BELM1",104,3.5275021221159,46,96.8995065032141,111.100493496786,"Emergence To Flowering",NA,"2021"
"Future","BELM1",112,3.5275021221159,46,104.899506503214,119.100493496786,"Emergence To Flowering",NA,"2021"
"Current","BELM12",93.1428571428573,1.33327048062447,46,90.4591228602391,95.8265914254755,"Emergence To Flowering",NA,"2021"
"Future","BELM12",95.1666666666667,1.44009671096147,46,92.2679023351541,98.0654309981794,"Emergence To Flowering",NA,"2021"
"Current","BELM13",91.4999999999997,2.4943206711981,46,86.4791928986513,96.5208071013481,"Emergence To Flowering",NA,"2021"
"Future","BELM13",NA,NA,NA,NA,NA,"Emergence To Flowering",NA,"2021"
"Current","BELM15",95.0000000000001,2.49432067119809,46,89.9791928986517,100.020807101348,"Emergence To Flowering",NA,"2021"
"Future","BELM15",92.5000000000001,2.49432067119809,46,87.4791928986517,97.5208071013485,"Emergence To Flowering",NA,"2021"
"Current","BELM2",100,3.5275021221159,46,92.8995065032141,107.100493496786,"Emergence To Flowering",NA,"2021"
"Future","BELM2",99.0000000000001,2.49432067119809,46,93.9791928986517,104.020807101349,"Emergence To Flowering",NA,"2021"
"Current","BELM3",99.5,2.49432067119809,46,94.4791928986516,104.520807101348,"Emergence To Flowering",NA,"2021"
"Future","BELM3",96.5,2.49432067119809,46,91.4791928986516,101.520807101348,"Emergence To Flowering",NA,"2021"
"Current","BELM4",73.9999999999999,3.52750212211591,46,66.8995065032139,81.100493496786,"Emergence To Flowering",NA,"2021"
"Future","BELM4",NA,NA,NA,NA,NA,"Emergence To Flowering",NA,"2021"
"Current","BELM8",101,2.49432067119809,46,95.9791928986517,106.020807101348,"Emergence To Flowering",NA,"2021"
"Future","BELM8",104.5,2.49432067119809,46,99.4791928986517,109.520807101348,"Emergence To Flowering",NA,"2021"
"Current","RODA11",122,2.49432067119809,46,116.979192898652,127.020807101348,"Emergence To Flowering",NA,"2021"
"Future","RODA11",120.5,2.49432067119809,46,115.479192898652,125.520807101348,"Emergence To Flowering",NA,"2021"
"Current","RODA15",123,2.49432067119809,46,117.979192898652,128.020807101348,"Emergence To Flowering",NA,"2021"
"Future","RODA15",123,2.49432067119809,46,117.979192898652,128.020807101348,"Emergence To Flowering",NA,"2021"
"Current","RODA2",117,2.49432067119809,46,111.979192898652,122.020807101348,"Emergence To Flowering",NA,"2021"
"Future","RODA2",119,2.49432067119809,46,113.979192898652,124.020807101348,"Emergence To Flowering",NA,"2021"
"Current","RODA21",117.5,2.49432067119809,46,112.479192898652,122.520807101348,"Emergence To Flowering",NA,"2021"
"Future","RODA21",117.5,2.49432067119809,46,112.479192898652,122.520807101348,"Emergence To Flowering",NA,"2021"
"Current","RODA26",118.5,2.49432067119809,46,113.479192898652,123.520807101348,"Emergence To Flowering",NA,"2021"
"Future","RODA26",115,3.52750212211591,46,107.899506503214,122.100493496786,"Emergence To Flowering",NA,"2021"
"Current","RODA29",116.5,2.49432067119809,46,111.479192898652,121.520807101348,"Emergence To Flowering",NA,"2021"
"Future","RODA29",117.5,2.49432067119809,46,112.479192898652,122.520807101348,"Emergence To Flowering",NA,"2021"
"Current","RODA33",117,3.5275021221159,46,109.899506503214,124.100493496786,"Emergence To Flowering",NA,"2021"
"Future","RODA33",118,2.49432067119809,46,112.979192898652,123.020807101348,"Emergence To Flowering",NA,"2021"
"Current","RODA35",118,3.5275021221159,46,110.899506503214,125.100493496786,"Emergence To Flowering",NA,"2021"
"Future","RODA35",118,2.49432067119809,46,112.979192898652,123.020807101348,"Emergence To Flowering",NA,"2021"
"Current","RODA40",118,2.49432067119809,46,112.979192898652,123.020807101348,"Emergence To Flowering",NA,"2021"
"Future","RODA40",119,2.49432067119809,46,113.979192898652,124.020807101348,"Emergence To Flowering",NA,"2021"
"Current","RODA47",117.5,1.44009671096147,46,114.601235668487,120.398764331513,"Emergence To Flowering",NA,"2021"
"Future","RODA47",117.6,1.57754690716518,46,114.424562773478,120.775437226522,"Emergence To Flowering",NA,"2021"
"Current","RODA5",109,3.52750212211591,46,101.899506503214,116.100493496786,"Emergence To Flowering",NA,"2021"
"Future","RODA5",NA,NA,NA,NA,NA,"Emergence To Flowering",NA,"2021"
"Current","RODA8",118,2.49432067119809,46,112.979192898652,123.020807101349,"Emergence To Flowering",NA,"2021"
"Future","RODA8",132,2.49432067119809,46,126.979192898652,137.020807101348,"Emergence To Flowering",NA,"2021"
"Current","RODA9",117.5,2.49432067119812,46,112.479192898652,122.520807101349,"Emergence To Flowering",NA,"2021"
"Future","RODA9",120,3.52750212211591,46,112.899506503214,127.100493496786,"Emergence To Flowering",NA,"2021"
"Current","BELM1",883.000000000001,173.411381619351,54,535.331112655289,1230.66888734471,"FruitNum",NA,"2021"
"Future","BELM1",213.000000000002,173.411381619351,54,-134.668887344711,560.668887344714,"FruitNum",NA,"2021"
"Current","BELM12",738.428571428573,65.5433414675602,54,607.022083641624,869.835059215521,"FruitNum",NA,"2021"
"Future","BELM12",160.714285714286,65.5433414675602,54,29.3077979273375,292.120773501235,"FruitNum",NA,"2021"
"Current","BELM13",683.000000000001,122.620363877972,54,437.160972150973,928.839027849029,"FruitNum",NA,"2021"
"Future","BELM13",7.28306304154103e-13,122.620363877972,54,-245.839027849027,245.839027849029,"FruitNum",NA,"2021"
"Current","BELM15",900,122.620363877971,54,654.160972150972,1145.83902784903,"FruitNum",NA,"2021"
"Future","BELM15",279.000000000001,122.620363877971,54,33.1609721509726,524.839027849029,"FruitNum",NA,"2021"
"Current","BELM2",250.5,122.620363877972,54,4.66097215097207,496.339027849028,"FruitNum",NA,"2021"
"Future","BELM2",184.5,122.620363877972,54,-61.339027849028,430.339027849028,"FruitNum",NA,"2021"
"Current","BELM3",988.5,122.620363877971,54,742.660972150972,1234.33902784903,"FruitNum",NA,"2021"
"Future","BELM3",185.5,122.620363877971,54,-60.3390278490281,431.339027849028,"FruitNum",NA,"2021"
"Current","BELM4",83.4999999999998,122.620363877972,54,-162.339027849028,329.339027849028,"FruitNum",NA,"2021"
"Future","BELM4",2.27373675443232e-13,122.620363877972,54,-245.839027849028,245.839027849028,"FruitNum",NA,"2021"
"Current","BELM8",901,122.620363877972,54,655.160972150972,1146.83902784903,"FruitNum",NA,"2021"
"Future","BELM8",218.5,122.620363877972,54,-27.3390278490277,464.339027849029,"FruitNum",NA,"2021"
"Current","RODA11",974,122.620363877972,54,728.160972150972,1219.83902784903,"FruitNum",NA,"2021"
"Future","RODA11",101.000000000001,122.620363877972,54,-144.839027849027,346.839027849029,"FruitNum",NA,"2021"
"Current","RODA15",628.5,122.620363877971,54,382.660972150972,874.339027849028,"FruitNum",NA,"2021"
"Future","RODA15",93.0000000000004,122.620363877971,54,-152.839027849028,338.839027849028,"FruitNum",NA,"2021"
"Current","RODA2",634.5,122.620363877972,54,388.660972150972,880.339027849028,"FruitNum",NA,"2021"
"Future","RODA2",80.5000000000003,122.620363877972,54,-165.339027849028,326.339027849028,"FruitNum",NA,"2021"
"Current","RODA21",592.5,122.620363877971,54,346.660972150972,838.339027849028,"FruitNum",NA,"2021"
"Future","RODA21",163,122.620363877971,54,-82.8390278490276,408.839027849028,"FruitNum",NA,"2021"
"Current","RODA26",668.5,122.620363877972,54,422.660972150972,914.339027849029,"FruitNum",NA,"2021"
"Future","RODA26",85.0000000000003,122.620363877972,54,-160.839027849028,330.839027849028,"FruitNum",NA,"2021"
"Current","RODA29",592.5,122.620363877972,54,346.660972150972,838.339027849028,"FruitNum",NA,"2021"
"Future","RODA29",100.5,122.620363877972,54,-145.339027849028,346.339027849028,"FruitNum",NA,"2021"
"Current","RODA33",383.5,122.620363877972,54,137.660972150972,629.339027849028,"FruitNum",NA,"2021"
"Future","RODA33",116,122.620363877972,54,-129.839027849028,361.839027849029,"FruitNum",NA,"2021"
"Current","RODA35",366,122.620363877972,54,120.160972150972,611.839027849028,"FruitNum",NA,"2021"
"Future","RODA35",119.5,122.620363877972,54,-126.339027849028,365.339027849028,"FruitNum",NA,"2021"
"Current","RODA40",514,122.620363877971,54,268.160972150972,759.839027849028,"FruitNum",NA,"2021"
"Future","RODA40",135,122.620363877971,54,-110.839027849028,380.839027849028,"FruitNum",NA,"2021"
"Current","RODA47",570.5,86.7056908096756,54,396.665556327644,744.334443672357,"FruitNum",NA,"2021"
"Future","RODA47",62.7500000000003,86.7056908096756,54,-111.084443672356,236.584443672357,"FruitNum",NA,"2021"
"Current","RODA5",188,122.620363877972,54,-57.8390278490278,433.839027849028,"FruitNum",NA,"2021"
"Future","RODA5",4.2632564145606e-13,122.620363877972,54,-245.839027849028,245.839027849028,"FruitNum",NA,"2021"
"Current","RODA8",693,122.620363877972,54,447.160972150972,938.839027849028,"FruitNum",NA,"2021"
"Future","RODA8",62.0000000000004,122.620363877972,54,-183.839027849028,307.839027849028,"FruitNum",NA,"2021"
"Current","RODA9",840.5,122.620363877971,54,594.660972150972,1086.33902784903,"FruitNum",NA,"2021"
"Future","RODA9",43.5000000000001,122.620363877971,54,-202.339027849028,289.339027849028,"FruitNum",NA,"2021"
"Current","BELM1",NA,6.72174794548766,40,30.2972721403485,57.9461408891001,"l10_seeds per fruit",41.9000000000005,"2021"
"Future","BELM1",NA,7.68428941739505,40,34.6357836640254,66.2439176273947,"l10_seeds per fruit",47.8999999999996,"2021"
"Current","BELM12",NA,2.72748362345083,40,39.7943675577733,50.8468831146112,"l10_seeds per fruit",44.9824360815416,"2021"
"Future","BELM12",NA,3.0629554758007,40,40.969669917239,53.3867831173255,"l10_seeds per fruit",46.7679257853078,"2021"
"Current","BELM13",NA,5.04929231869486,40,35.3923382406983,55.9816078419398,"l10_seeds per fruit",44.5120208483063,"2021"
"Future","BELM13",NA,NA,NA,NA,NA,"l10_seeds per fruit",NA,"2021"
"Current","BELM15",NA,5.69701375021407,40,39.9324548636159,63.1629086820347,"l10_seeds per fruit",50.22200712835,"2021"
"Future","BELM15",NA,4.56771794667786,40,32.0168071787764,50.6423828695277,"l10_seeds per fruit",40.2667034584089,"2021"
"Current","BELM2",NA,9.57728764547996,40,43.1681896605917,82.5628785460441,"l10_seeds per fruit",59.7000000000002,"2021"
"Future","BELM2",NA,4.92463806434737,40,34.5185909401758,54.5995635588482,"l10_seeds per fruit",43.4131316539133,"2021"
"Current","BELM3",NA,6.26977132922996,40,43.94712240255,69.5130837468157,"l10_seeds per fruit",55.2711497980639,"2021"
"Future","BELM3",NA,5.28526105275528,40,37.0463294780791,58.5977980522431,"l10_seeds per fruit",46.5922024949813,"2021"
"Current","BELM4",NA,8.03722129042797,40,36.2265712227079,69.2864357647713,"l10_seeds per fruit",50.1000000000006,"2021"
"Future","BELM4",NA,NA,NA,NA,NA,"l10_seeds per fruit",NA,"2021"
"Current","BELM8",NA,6.16527661880817,40,43.2146807251452,68.3545487420722,"l10_seeds per fruit",54.3499770009154,"2021"
"Future","BELM8",NA,5.30003912328845,40,37.149914384209,58.7616428243482,"l10_seeds per fruit",46.7224785301465,"2021"
"Current","RODA11",NA,7.52625983964409,40,52.7543103309412,83.4437977178554,"l10_seeds per fruit",66.3477203828438,"2021"
"Future","RODA11",NA,5.66624618699271,40,39.7167937500098,62.8217880754631,"l10_seeds per fruit",49.9507757697515,"2021"
"Current","RODA15",NA,6.90336043979552,40,48.3881804145281,76.5376992536818,"l10_seeds per fruit",60.8565526463671,"2021"
"Future","RODA15",NA,4.87645460541187,40,34.1808554381256,54.0653525581088,"l10_seeds per fruit",42.9883705204095,"2021"
"Current","RODA2",NA,8.44503301467863,40,59.194327847239,93.6302548160202,"l10_seeds per fruit",74.4471624711112,"2021"
"Future","RODA2",NA,6.18478149723654,40,43.3513975581408,68.5707997305799,"l10_seeds per fruit",54.5219221964892,"2021"
"Current","RODA21",NA,8.26299792371318,40,57.9183772576342,91.6120280165597,"l10_seeds per fruit",72.842432688647,"2021"
"Future","RODA21",NA,6.17630777807331,40,27.8387822769309,53.244067404065,"l10_seeds per fruit",38.5,"2021"
"Current","RODA26",NA,7.52386583874381,40,33.9126984100792,64.8609548376789,"l10_seeds per fruit",46.8999999999997,"2021"
"Future","RODA26",NA,NA,NA,NA,NA,"l10_seeds per fruit",NA,"2021"
"Current","RODA29",NA,6.82641442247874,40,47.8488376117621,75.6845971762921,"l10_seeds per fruit",60.1782352682432,"2021"
"Future","RODA29",NA,6.3574712543451,40,44.5618432817249,70.4854146212603,"l10_seeds per fruit",56.044268217187,"2021"
"Current","RODA33",NA,10.0746007392989,40,45.4097539478254,86.8500631941642,"l10_seeds per fruit",62.8000000000007,"2021"
"Future","RODA33",NA,5.70011862082143,40,39.9542180382933,63.1973324463507,"l10_seeds per fruit",50.2493781056045,"2021"
"Current","RODA35",NA,11.0050574954761,40,49.6036484207131,94.8712473745157,"l10_seeds per fruit",68.5999999999998,"2021"
"Future","RODA35",NA,5.42753533305666,40,38.0435819906212,60.1751959256712,"l10_seeds per fruit",47.8464209737778,"2021"
"Current","RODA40",NA,8.08233986220226,40,56.6520787715612,89.6090683709982,"l10_seeds per fruit",71.2498421050882,"2021"
"Future","RODA40",NA,4.69664318390936,40,32.9204913617985,52.0717796277428,"l10_seeds per fruit",41.4032434892314,"2021"
"Current","RODA47",NA,5.35011596155705,40,56.7178478530891,78.4386730935944,"l10_seeds per fruit",66.6998705120233,"2021"
"Future","RODA47",NA,4.09933998428278,40,36.7036613014836,53.3707545734592,"l10_seeds per fruit",44.2594859806217,"2021"
"Current","RODA5",NA,10.7002526960388,40,48.2297864382155,92.243618074056,"l10_seeds per fruit",66.7000000000003,"2021"
"Future","RODA5",NA,NA,NA,NA,NA,"l10_seeds per fruit",NA,"2021"
"Current","RODA8",NA,8.21843276468008,40,57.6060037441401,91.1179331812959,"l10_seeds per fruit",72.4495686667632,"2021"
"Future","RODA8",NA,4.78516940526002,40,33.5410040537678,53.0532716655542,"l10_seeds per fruit",42.183646120268,"2021"
"Current","RODA9",NA,7.98586415346685,40,55.9758452124689,88.5394402029684,"l10_seeds per fruit",70.3993607925527,"2021"
"Future","RODA9",NA,7.81262828031602,40,35.2142518671824,67.3502878591673,"l10_seeds per fruit",48.6999999999995,"2021"
"Current","BELM1",36997.6999999999,11032.9003664844,51,14848.2282847342,59147.1717152656,"TotalFitness",NA,"2021"
"Future","BELM1",10202.7,11032.9003664844,51,-11946.7717152657,32352.1717152657,"TotalFitness",NA,"2021"
"Current","BELM12",34853.4,4170.04437278158,51,26481.6865957068,43225.1134042932,"TotalFitness",NA,"2021"
"Future","BELM12",7513.6158730159,4170.04437278159,51,-858.097531277294,15885.3292773091,"TotalFitness",NA,"2021"
"Current","BELM13",29980.2,7801.43866529665,51,14318.158350436,45642.241649564,"TotalFitness",NA,"2021"
"Future","BELM13",-6.02540239924565e-12,7801.43866529665,51,-15662.041649564,15662.041649564,"TotalFitness",NA,"2021"
"Current","BELM15",45533.2,7801.43866529666,51,29871.158350436,61195.241649564,"TotalFitness",NA,"2021"
"Future","BELM15",11568,7801.43866529666,51,-4094.041649564,27230.041649564,"TotalFitness",NA,"2021"
"Current","BELM2",14954.85,7801.43866529664,51,-707.191649563934,30616.891649564,"TotalFitness",NA,"2021"
"Future","BELM2",8028.77777777783,7801.43866529664,51,-7633.26387178614,23690.8194273418,"TotalFitness",NA,"2021"
"Current","BELM3",55081.5499999999,7801.43866529664,51,39419.5083504359,70743.5916495639,"TotalFitness",NA,"2021"
"Future","BELM3",8923.77777777778,7801.43866529664,51,-6738.2638717862,24585.8194273418,"TotalFitness",NA,"2021"
"Current","BELM4",4183.34999999995,7801.43866529666,51,-11478.6916495641,19845.391649564,"TotalFitness",NA,"2021"
"Future","BELM4",-3.27418092638254e-11,7801.43866529666,51,-15662.041649564,15662.041649564,"TotalFitness",NA,"2021"
"Current","BELM8",48977.3499999999,7801.43866529665,51,33315.308350436,64639.3916495639,"TotalFitness",NA,"2021"
"Future","BELM8",9751.84999999998,7801.43866529665,51,-5910.19164956401,25413.891649564,"TotalFitness",NA,"2021"
"Current","RODA11",64497.3000000001,7801.43866529666,51,48835.258350436,80159.3416495641,"TotalFitness",NA,"2021"
"Future","RODA11",5155.85000000003,7801.43866529666,51,-10506.191649564,20817.891649564,"TotalFitness",NA,"2021"
"Current","RODA15",38444.7,7801.43866529666,51,22782.658350436,54106.741649564,"TotalFitness",NA,"2021"
"Future","RODA15",4118.3,7801.43866529666,51,-11543.741649564,19780.341649564,"TotalFitness",NA,"2021"
"Current","RODA2",47194.65,7801.43866529665,51,31532.608350436,62856.691649564,"TotalFitness",NA,"2021"
"Future","RODA2",4425.40000000003,7801.43866529665,51,-11236.641649564,20087.441649564,"TotalFitness",NA,"2021"
"Current","RODA21",43206.15,7801.43866529665,51,27544.108350436,58868.191649564,"TotalFitness",NA,"2021"
"Future","RODA21",8778.00000000001,11032.9003664844,51,-13371.4717152657,30927.4717152657,"TotalFitness",NA,"2021"
"Current","RODA26",26264,11032.9003664844,51,4114.52828473429,48413.4717152657,"TotalFitness",NA,"2021"
"Future","RODA26",1.22781784739345e-11,11032.9003664844,51,-22149.4717152657,22149.4717152657,"TotalFitness",NA,"2021"
"Current","RODA29",35550.35,7801.43866529665,51,19888.308350436,51212.391649564,"TotalFitness",NA,"2021"
"Future","RODA29",5651.80000000001,7801.43866529665,51,-10010.241649564,21313.841649564,"TotalFitness",NA,"2021"
"Current","RODA33",24083.8,7801.43866529665,51,8421.75835043601,39745.841649564,"TotalFitness",NA,"2021"
"Future","RODA33",5825.00000000002,7801.43866529665,51,-9837.04164956397,21487.041649564,"TotalFitness",NA,"2021"
"Current","RODA35",25107.6,7801.43866529665,51,9445.55835043599,40769.641649564,"TotalFitness",NA,"2021"
"Future","RODA35",5633.95000000001,7801.43866529665,51,-10028.091649564,21295.991649564,"TotalFitness",NA,"2021"
"Current","RODA40",36627.6,7801.43866529665,51,20965.558350436,52289.641649564,"TotalFitness",NA,"2021"
"Future","RODA40",5282.60000000002,7801.43866529665,51,-10379.441649564,20944.641649564,"TotalFitness",NA,"2021"
"Current","RODA47",38052.95,5516.45018324219,51,26978.2141423671,49127.6858576328,"TotalFitness",NA,"2021"
"Future","RODA47",2769.75000000001,5516.45018324219,51,-8304.98585763283,13844.4858576329,"TotalFitness",NA,"2021"
"Current","RODA5",12539.6,7801.43866529665,51,-3122.44164956402,28201.641649564,"TotalFitness",NA,"2021"
"Future","RODA5",5.45696821063757e-12,7801.43866529665,51,-15662.041649564,15662.041649564,"TotalFitness",NA,"2021"
"Current","RODA8",50219.35,7801.43866529665,51,34557.308350436,65881.391649564,"TotalFitness",NA,"2021"
"Future","RODA8",2648.20000000002,7801.43866529665,51,-13013.841649564,18310.241649564,"TotalFitness",NA,"2021"
"Current","RODA9",59211.25,7801.43866529666,51,43549.208350436,74873.291649564,"TotalFitness",NA,"2021"
"Future","RODA9",2118.44999999999,7801.43866529666,51,-13543.591649564,17780.491649564,"TotalFitness",NA,"2021"
"Current","B1",0.829363863560414,0.0138788695977786,95,0.801810823763902,0.856916903356926,"RWC",NA,"2022"
"Future","B1",0.76358275895712,0.015203539902752,95,0.733399916108345,0.793765601805894,"RWC",NA,"2022"
"Current","B12",0.843110382521208,0.0196276856155861,95,0.804144499956375,0.882076265086041,"RWC",NA,"2022"
"Future","B12",0.762962496244801,0.016998074360592,95,0.729217052062774,0.796707940426827,"RWC",NA,"2022"
"Current","B13",0.83916839845788,0.015203539902752,95,0.808985555609106,0.869351241306654,"RWC",NA,"2022"
"Future","B13",0.732635429080835,0.016998074360592,95,0.698889984898809,0.766380873262861,"RWC",NA,"2022"
"Current","B15",0.853378595747082,0.015203539902752,95,0.823195752898307,0.883561438595856,"RWC",NA,"2022"
"Future","B15",0.744033396376082,0.015203539902752,95,0.713850553527307,0.774216239224856,"RWC",NA,"2022"
"Current","B2",0.806970509383378,0.0339961487211839,95,0.739479621019325,0.87446139774743,"RWC",NA,"2022"
"Future","B2",0.739282461618527,0.0240389072949755,95,0.691559196788001,0.787005726449053,"RWC",NA,"2022"
"Current","B3",0.825980958716848,0.0138788695977786,95,0.798427918920336,0.85353399851336,"RWC",NA,"2022"
"Future","B3",0.701666445883119,0.015203539902752,95,0.671483603034344,0.731849288731893,"RWC",NA,"2022"
"Current","B4",NA,NA,NA,NA,NA,"RWC",NA,"2022"
"Future","B4",0.747081712062258,0.0339961487211839,95,0.679590823698205,0.81457260042631,"RWC",NA,"2022"
"Current","B8",0.841343486981684,0.0138788695977786,95,0.813790447185172,0.868896526778196,"RWC",NA,"2022"
"Future","B8",0.699662038508932,0.0138788695977786,95,0.67210899871242,0.727215078305444,"RWC",NA,"2022"
"Current","R11",0.876694354565536,0.016998074360592,95,0.842948910383509,0.910439798747562,"RWC",NA,"2022"
"Future","R11",0.830423488877653,0.0196276856155861,95,0.79145760631282,0.869389371442486,"RWC",NA,"2022"
"Current","R2",0.866198328837289,0.016998074360592,95,0.832452884655263,0.899943773019316,"RWC",NA,"2022"
"Future","R2",0.792402967319938,0.016998074360592,95,0.758657523137911,0.826148411501964,"RWC",NA,"2022"
"Current","R21",0.847443487509415,0.016998074360592,95,0.813698043327389,0.881188931691441,"RWC",NA,"2022"
"Future","R21",0.750002526789849,0.0196276856155861,95,0.711036644225017,0.788968409354682,"RWC",NA,"2022"
"Current","R29",0.865177395069953,0.016998074360592,95,0.831431950887926,0.898922839251979,"RWC",NA,"2022"
"Future","R29",0.800162228124531,0.016998074360592,95,0.766416783942504,0.833907672306557,"RWC",NA,"2022"
"Current","R35",0.874119090963256,0.016998074360592,95,0.840373646781229,0.907864535145282,"RWC",NA,"2022"
"Future","R35",0.770527245748332,0.016998074360592,95,0.736781801566305,0.804272689930358,"RWC",NA,"2022"
"Current","R40",0.812901291685546,0.016998074360592,95,0.77915584750352,0.846646735867572,"RWC",NA,"2022"
"Future","R40",0.789307131312832,0.016998074360592,95,0.755561687130806,0.823052575494859,"RWC",NA,"2022"
"Current","R47",0.836999504420226,0.016998074360592,95,0.8032540602382,0.870744948602253,"RWC",NA,"2022"
"Future","R47",0.759872361176272,0.016998074360592,95,0.726126916994246,0.793617805358299,"RWC",NA,"2022"
"Current","R8",0.845482951814446,0.0169980743605915,95,0.81173750763242,0.879228395996471,"RWC",NA,"2022"
"Future","R8",0.77610518903342,0.0169980743605916,95,0.742359744851395,0.809850633215446,"RWC",NA,"2022"
"Current","B1",NA,28.7647896155749,96,350.564591896196,465.140807855606,"l10_SLA",403.809234020431,"2022"
"Future","B1",NA,31.9289256670369,96,350.460775220888,477.725073653973,"l10_SLA",409.174656662931,"2022"
"Current","B12",NA,41.4428798967112,96,336.826046905778,502.451651783683,"l10_SLA",411.386440748326,"2022"
"Future","B12",NA,35.7174142204681,96,344.302400358714,486.80922451712,"l10_SLA",409.401495500455,"2022"
"Current","B13",NA,31.0891854675897,96,341.243553058407,465.16076275875,"l10_SLA",398.413242032886,"2022"
"Future","B13",NA,31.0097510277325,96,298.922302926846,422.646296764357,"l10_SLA",355.441140489258,"2022"
"Current","B15",NA,30.863875537356,96,338.77048855138,461.789643913777,"l10_SLA",395.525856647373,"2022"
"Future","B15",NA,29.7560782403262,96,326.610997074801,445.214625047309,"l10_SLA",381.329244353203,"2022"
"Current","B2",NA,71.3155590985506,96,289.07129061259,577.886379689232,"l10_SLA",408.717948717943,"2022"
"Future","B2",NA,35.3914874033919,96,224.53865381325,366.45052553286,"l10_SLA",286.848928344357,"2022"
"Current","B3",NA,24.1789071594523,96,294.675150909494,390.984831090986,"l10_SLA",339.431162542657,"2022"
"Future","B3",NA,25.3162394131136,96,277.878090322254,378.785132465552,"l10_SLA",324.431948568555,"2022"
"Current","B4",NA,NA,NA,NA,NA,"l10_SLA",NA,"2022"
"Future","B4",NA,59.2334045144317,96,240.097349117078,479.981901904607,"l10_SLA",339.473684210528,"2022"
"Current","B8",NA,30.5575335453645,96,372.413267048013,494.130359697453,"l10_SLA",428.976341541743,"2022"
"Future","B8",NA,17.8434992534195,96,217.463750556622,288.538166578924,"l10_SLA",250.492698262812,"2022"
"Current","R11",NA,18.9285081344689,96,182.463678520502,257.985427201679,"l10_SLA",216.963061491816,"2022"
"Future","R11",NA,16.5492924430755,96,159.528936703486,225.557991706574,"l10_SLA",189.691925452623,"2022"
"Current","R2",NA,22.6477854898647,96,218.316109302816,308.677185400311,"l10_SLA",259.594302994384,"2022"
"Future","R2",NA,17.5596103270402,96,169.268020009663,239.328083308749,"l10_SLA",201.272429295171,"2022"
"Current","R21",NA,22.190855091228,96,213.911472615614,302.449468812385,"l10_SLA",254.356858105826,"2022"
"Future","R21",NA,18.6133971396169,96,151.279954328706,225.668007662962,"l10_SLA",184.76754556118,"2022"
"Current","R29",NA,21.6703401097425,96,208.893904534063,295.35512841802,"l10_SLA",248.390591608056,"2022"
"Future","R29",NA,16.8781418771899,96,162.698921205256,230.04003335203,"l10_SLA",193.461275867798,"2022"
"Current","R35",NA,24.3030888852625,96,234.272609648544,331.238084049922,"l10_SLA",278.567784148417,"2022"
"Future","R35",NA,15.4376693651951,96,148.813309540614,210.4071645734,"l10_SLA",176.950237386742,"2022"
"Current","R40",NA,18.5983111280028,96,179.28070392957,253.48501886687,"l10_SLA",213.178264881889,"2022"
"Future","R40",NA,15.4671128633073,96,149.097133756231,210.808463681857,"l10_SLA",177.287725763854,"2022"
"Current","R47",NA,24.1791005220489,96,233.077408595985,329.548189071171,"l10_SLA",277.146600044468,"2022"
"Future","R47",NA,18.6499349936267,96,179.778338521492,254.188624504048,"l10_SLA",213.769989905976,"2022"
"Current","R8",NA,22.2954686308308,96,214.91990767681,303.87529532305,"l10_SLA",255.555963374157,"2022"
"Future","R8",NA,18.6742767708499,96,180.012984072125,254.520389889422,"l10_SLA",214.049001145055,"2022"
"Current","B1",NA,23.6562136989043,96,400.559168653722,494.647881582749,"l10_Stomata_density",445.124414319312,"2022"
"Future","B1",NA,29.4685523853786,96,450.937993825245,568.187782104355,"l10_Stomata_density",506.179275136935,"2022"
"Current","B12",NA,36.9042914283794,96,422.966751438473,570.019716757297,"l10_Stomata_density",491.018724543893,"2022"
"Future","B12",NA,30.8564052713771,96,416.605035805212,539.445092598282,"l10_Stomata_density",474.062803979444,"2022"
"Current","B13",NA,32.4691954341414,96,496.854872907031,626.043651522945,"l10_Stomata_density",557.72111212656,"2022"
"Future","B13",NA,37.167702090205,96,501.816453469088,649.781927589428,"l10_Stomata_density",571.026498887078,"2022"
"Current","B15",NA,28.6017626154374,96,437.674076588526,551.475072552391,"l10_Stomata_density",491.290487533555,"2022"
"Future","B15",NA,33.6394907763509,96,514.763137517303,648.608299633281,"l10_Stomata_density",577.823193839595,"2022"
"Current","B2",NA,73.8308498494972,96,438.001594471873,734.380529836867,"l10_Stomata_density",567.150635208713,"2022"
"Future","B2",NA,62.2596392294159,96,563.415380649107,811.961817955971,"l10_Stomata_density",676.366599364727,"2022"
"Current","B3",NA,31.1714286319786,96,527.810650406513,651.789899050082,"l10_Stomata_density",586.533588591497,"2022"
"Future","B3",NA,35.8073652445582,96,547.936703384197,690.407427390318,"l10_Stomata_density",615.060622830152,"2022"
"Current","B4",NA,NA,NA,NA,NA,"l10_Stomata_density",NA,"2022"
"Future","B4",NA,65.9555591988852,96,391.281424394877,656.046606654275,"l10_Stomata_density",506.654567453122,"2022"
"Current","B8",NA,29.4071079405641,96,497.93626567248,614.898217923562,"l10_Stomata_density",553.33545196519,"2022"
"Future","B8",NA,32.2887159001051,96,546.72913266933,675.152208307703,"l10_Stomata_density",607.556895498564,"2022"
"Current","R11",NA,43.9635545483467,96,593.570056383985,768.589974940528,"l10_Stomata_density",675.434670979818,"2022"
"Future","R11",NA,51.3472140363739,96,693.259884098183,897.67432035285,"l10_Stomata_density",788.873624407441,"2022"
"Current","R2",NA,38.9687169671333,96,526.132697071982,681.268052707078,"l10_Stomata_density",598.696415556125,"2022"
"Future","R2",NA,37.055775404324,96,500.305285185909,647.825176603749,"l10_Stomata_density",569.306911719286,"2022"
"Current","R21",NA,39.8569198329601,96,538.124689770604,696.796001377315,"l10_Stomata_density",612.342332420816,"2022"
"Future","R21",NA,54.1640365050844,96,620.783808024369,836.611883118764,"l10_Stomata_density",720.662966053414,"2022"
"Current","R29",NA,34.7044223812216,96,468.558699614292,606.717800740516,"l10_Stomata_density",533.181867422195,"2022"
"Future","R29",NA,40.2130773114545,96,542.933318571513,703.022501265305,"l10_Stomata_density",617.814162707863,"2022"
"Current","R35",NA,42.7039962203243,96,576.564240647203,746.56982862351,"l10_Stomata_density",656.083429397837,"2022"
"Future","R35",NA,39.8001958939226,96,537.358836507857,695.804328812819,"l10_Stomata_density",611.470853408392,"2022"
"Current","R40",NA,34.7982001687031,96,469.824832145541,608.35726479366,"l10_Stomata_density",534.622623741459,"2022"
"Future","R40",NA,48.7816151059066,96,658.620676293876,852.821404387949,"l10_Stomata_density",749.457010185297,"2022"
"Current","R47",NA,36.7085347122619,96,495.617045591009,641.754563852979,"l10_Stomata_density",563.972074602422,"2022"
"Future","R47",NA,38.7889623987672,96,523.705756612402,678.125505189815,"l10_Stomata_density",595.934753789036,"2022"
"Current","R8",NA,37.2412571316519,96,502.809550377366,651.067848804014,"l10_Stomata_density",572.156562771332,"2022"
"Future","R8",NA,42.9461470444883,96,579.833618654257,750.803214613061,"l10_Stomata_density",659.803716893395,"2022"
"Current","B1",NA,0.00587814148199671,96,0.116840757320543,0.140209130088538,"l10_Root_to_Shoot",0.127992737851799,"2022"
"Future","B1",NA,0.0066330262161322,96,0.119315442098581,0.145692137443008,"l10_Root_to_Shoot",0.131845825831915,"2022"
"Current","B12",NA,0.0101885438672815,96,0.137896211636362,0.178456551586058,"l10_Root_to_Shoot",0.156870910003755,"2022"
"Future","B12",NA,0.00969143258330976,96,0.154098641915828,0.192653310325013,"l10_Root_to_Shoot",0.172300938713847,"2022"
"Current","B13",NA,0.00841230629968574,96,0.151321284208787,0.184773411967783,"l10_Root_to_Shoot",0.167212888219193,"2022"
"Future","B13",NA,0.0105732582101302,96,0.168120111944276,0.210182878288883,"l10_Root_to_Shoot",0.187978639814999,"2022"
"Current","B15",NA,0.00777241448683338,96,0.139810855626423,0.170718408578832,"l10_Root_to_Shoot",0.154493646389059,"2022"
"Future","B15",NA,0.00859454468389859,96,0.154599403828879,0.18877621534214,"l10_Root_to_Shoot",0.170835272555076,"2022"
"Current","B2",NA,0.0174418196189083,96,0.124017734922021,0.193838091059272,"l10_Root_to_Shoot",0.155046318868844,"2022"
"Future","B2",NA,0.0122686364646107,96,0.131706558091278,0.180615296697404,"l10_Root_to_Shoot",0.1542342992549,"2022"
"Current","B3",NA,0.00559622405212971,96,0.111237039528379,0.133484658124141,"l10_Root_to_Shoot",0.121854167725963,"2022"
"Future","B3",NA,0.00619401385881977,96,0.111418450319462,0.136049382142994,"l10_Root_to_Shoot",0.123119500182923,"2022"
"Current","B4",NA,NA,NA,NA,NA,"l10_Root_to_Shoot",NA,"2022"
"Future","B4",NA,0.0219982904364576,96,0.156415913688767,0.244476019012818,"l10_Root_to_Shoot",0.195550351288057,"2022"
"Current","B8",NA,0.0058661042563144,96,0.116601491462607,0.13992201060583,"l10_Root_to_Shoot",0.127730635029685,"2022"
"Future","B8",NA,0.00671876789207756,96,0.133550022770909,0.160260280277399,"l10_Root_to_Shoot",0.14629683551027,"2022"
"Current","R11",NA,0.00451882885365216,96,0.0718516466386069,0.0898285501100769,"l10_Root_to_Shoot",0.080338840174399,"2022"
"Future","R11",NA,0.00643679658990349,96,0.102348296215853,0.127955300753912,"l10_Root_to_Shoot",0.114437786696309,"2022"
"Current","R2",NA,0.00712089544161823,96,0.113225811286945,0.141554312792582,"l10_Root_to_Shoot",0.126600165509789,"2022"
"Future","R2",NA,0.00628271148664523,96,0.0998982657433254,0.124892285564022,"l10_Root_to_Shoot",0.111698355997597,"2022"
"Current","R21",NA,0.00726635905619476,96,0.115538755762565,0.144445943791313,"l10_Root_to_Shoot",0.129186317466664,"2022"
"Future","R21",NA,0.00663879241323935,96,0.0898523219363818,0.116281189559081,"l10_Root_to_Shoot",0.102216118491205,"2022"
"Current","R29",NA,0.00765607402428739,96,0.121735419341566,0.152192979953495,"l10_Root_to_Shoot",0.136114937591292,"2022"
"Future","R29",NA,0.00686883501865303,96,0.109217924060183,0.136543673295404,"l10_Root_to_Shoot",0.122118862346797,"2022"
"Current","R35",NA,0.00702407234683216,96,0.11168627548722,0.139629593246106,"l10_Root_to_Shoot",0.124878778090807,"2022"
"Future","R35",NA,0.00598153596227956,96,0.0951094237548907,0.118905300537903,"l10_Root_to_Shoot",0.106343850859192,"2022"
"Current","R40",NA,0.0071892611694522,96,0.114312860670226,0.142913336204938,"l10_Root_to_Shoot",0.12781561833169,"2022"
"Future","R40",NA,0.00651188137175837,96,0.10354218193016,0.129447890384498,"l10_Root_to_Shoot",0.1157726954712,"2022"
"Current","R47",NA,0.00719509412166049,96,0.114405607537723,0.143029287850088,"l10_Root_to_Shoot",0.127919320558613,"2022"
"Future","R47",NA,0.00675886516744463,96,0.107469348235378,0.134357613010804,"l10_Root_to_Shoot",0.120163742870852,"2022"
"Current","R8",NA,0.00727062582904069,96,0.115606599592183,0.144530761789697,"l10_Root_to_Shoot",0.129262175082174,"2022"
"Future","R8",NA,0.00689456124772312,96,0.109626984013625,0.137055077894252,"l10_Root_to_Shoot",0.122576240900507,"2022"
"Current","B1",NA,0.0206885380751724,96,0.156208880079856,0.238961577086704,"l10_AG",0.193204348654036,"2022"
"Future","B1",NA,0.0167905012192262,96,0.113406592721528,0.180668301424409,"l10_AG",0.143139709645256,"2022"
"Current","B12",NA,0.0123045572581659,96,0.0601575814076185,0.109745269340772,"l10_AG",0.0812527536423754,"2022"
"Future","B12",NA,0.0143293093855443,96,0.0842188063936718,0.141750424111082,"l10_AG",0.10926139082234,"2022"
"Current","B13",NA,0.0262125176187641,96,0.177044882161895,0.282050605423067,"l10_AG",0.223462784822928,"2022"
"Future","B13",NA,0.0220344346964524,96,0.129504761169202,0.217972156175301,"l10_AG",0.168013190038814,"2022"
"Current","B15",NA,0.034877385822765,96,0.235569232719796,0.375285881728617,"l10_AG",0.297331140665391,"2022"
"Future","B15",NA,0.0244100113935069,96,0.16487037428409,0.262655369165841,"l10_AG",0.208096345527974,"2022"
"Current","B2",NA,0.0537965210374065,96,0.121856970091363,0.345208074420866,"l10_AG",0.205100000000001,"2022"
"Future","B2",NA,0.0327090056971614,96,0.122041112553619,0.254848135593123,"l10_AG",0.1763574495166,"2022"
"Current","B3",NA,0.0282271804131702,96,0.213129425778269,0.326036161846388,"l10_AG",0.263605576491226,"2022"
"Future","B3",NA,0.0245679978916217,96,0.165937448471649,0.264355327486901,"l10_AG",0.209443186886238,"2022"
"Current","B4",NA,NA,NA,NA,NA,"l10_AG",NA,"2022"
"Future","B4",NA,0.0223999166094322,96,0.050739079696745,0.143738515629167,"l10_AG",0.0854000000000006,"2022"
"Current","B8",NA,0.0437125872467688,96,0.330052044972919,0.504899319085453,"l10_AG",0.408219368440044,"2022"
"Future","B8",NA,0.029538599832133,96,0.223031302750282,0.341183624245075,"l10_AG",0.275852547917256,"2022"
"Current","R11",NA,0.095057037547021,96,0.55868639765743,0.940336692054854,"l10_AG",0.724812609623502,"2022"
"Future","R11",NA,0.0901785248138002,96,0.530013521085816,0.892076777333284,"l10_AG",0.68761381154926,"2022"
"Current","R2",NA,0.0589477652090279,96,0.346458457410867,0.583131433201504,"l10_AG",0.449478383033913,"2022"
"Future","R2",NA,0.0596975409333259,96,0.350865174780445,0.590548470830314,"l10_AG",0.455195444215122,"2022"
"Current","R21",NA,0.0641576357276355,96,0.377078849834339,0.634669252345912,"l10_AG",0.489203793627785,"2022"
"Future","R21",NA,0.068853520753943,96,0.336628225871972,0.61410971737217,"l10_AG",0.454672040760956,"2022"
"Current","R29",NA,0.0651995029501803,96,0.383202300137669,0.644975758869677,"l10_AG",0.497148060774553,"2022"
"Future","R29",NA,0.0571536511774156,96,0.335913766232034,0.565383444234133,"l10_AG",0.435798212614424,"2022"
"Current","R35",NA,0.0674728774930291,96,0.396563787794404,0.667464756555585,"l10_AG",0.514482606196703,"2022"
"Future","R35",NA,0.0566451235423908,96,0.332924955725703,0.560352915127846,"l10_AG",0.431920674962089,"2022"
"Current","R40",NA,0.0518433528878427,96,0.304703121565979,0.512852159267762,"l10_AG",0.395307037416158,"2022"
"Future","R40",NA,0.0533185342837412,96,0.313373324227808,0.527445157637966,"l10_AG",0.406555337434979,"2022"
"Current","R47",NA,0.0514641454208405,96,0.302474374919005,0.509100909446339,"l10_AG",0.39241556971593,"2022"
"Future","R47",NA,0.0505567114051856,96,0.297141039750976,0.500124262134803,"l10_AG",0.385496359587772,"2022"
"Current","R8",NA,0.047585744998325,96,0.279679539137835,0.470734447394868,"l10_AG",0.362842656400402,"2022"
"Future","R8",NA,0.0599347165569799,96,0.352259146212869,0.592894693131556,"l10_AG",0.457003915078047,"2022"
"Current","B1",0.0252,0.00478577708699317,96,0.0157003075638749,0.0346996924361251,"BG_DryBiomass",NA,"2022"
"Future","B1",0.01934,0.00524255613147505,96,0.0089336083267462,0.0297463916732539,"BG_DryBiomass",NA,"2022"
"Current","B12",0.0130999999999999,0.00676811086292017,96,-0.000334593881541398,0.0265345938815411,"BG_DryBiomass",NA,"2022"
"Future","B12",0.0188749999999999,0.00586135594291828,96,0.00724030040905817,0.0305096995909416,"BG_DryBiomass",NA,"2022"
"Current","B13",0.0392400000000001,0.00524255613147506,96,0.0288336083267462,0.0496463916732539,"BG_DryBiomass",NA,"2022"
"Future","B13",0.0322250000000001,0.00586135594291828,96,0.0205903004090583,0.0438596995909418,"BG_DryBiomass",NA,"2022"
"Current","B15",0.0463800000000001,0.00524255613147506,96,0.0359736083267462,0.0567863916732539,"BG_DryBiomass",NA,"2022"
"Future","B15",0.0363000000000001,0.00524255613147505,96,0.0258936083267462,0.0467063916732539,"BG_DryBiomass",NA,"2022"
"Current","B2",0.0318000000000001,0.0117227118858366,96,0.0085306008181167,0.0550693991818835,"BG_DryBiomass",NA,"2022"
"Future","B2",0.0281500000000001,0.00828920906837115,96,0.0116960500443537,0.0446039499556465,"BG_DryBiomass",NA,"2022"
"Current","B3",0.0337166666666667,0.00478577708699318,96,0.0242169742305416,0.0432163591027918,"BG_DryBiomass",NA,"2022"
"Future","B3",0.0261,0.00524255613147505,96,0.0156936083267462,0.0365063916732539,"BG_DryBiomass",NA,"2022"
"Current","B4",NA,NA,NA,NA,NA,"BG_DryBiomass",NA,"2022"
"Future","B4",0.0167,0.0117227118858366,96,-0.00656939918188346,0.0399693991818834,"BG_DryBiomass",NA,"2022"
"Current","B8",0.0555166666666667,0.00478577708699318,96,0.0460169742305416,0.0650163591027917,"BG_DryBiomass",NA,"2022"
"Future","B8",0.0405666666666667,0.00478577708699318,96,0.0310669742305416,0.0500663591027918,"BG_DryBiomass",NA,"2022"
"Current","R11",0.05935,0.00586135594291827,96,0.0477153004090583,0.0709846995909417,"BG_DryBiomass",NA,"2022"
"Future","R11",0.07885,0.00586135594291827,96,0.0672153004090583,0.0904846995909417,"BG_DryBiomass",NA,"2022"
"Current","R2",0.0592999999999999,0.00586135594291827,96,0.0476653004090583,0.0709346995909416,"BG_DryBiomass",NA,"2022"
"Future","R2",0.05095,0.00586135594291827,96,0.0393153004090583,0.0625846995909416,"BG_DryBiomass",NA,"2022"
"Current","R21",0.064275,0.00586135594291827,96,0.0526403004090583,0.0759096995909417,"BG_DryBiomass",NA,"2022"
"Future","R21",0.0465,0.00676811086292016,96,0.0330654061184587,0.0599345938815412,"BG_DryBiomass",NA,"2022"
"Current","R29",0.06835,0.00586135594291827,96,0.0567153004090583,0.0799846995909417,"BG_DryBiomass",NA,"2022"
"Future","R29",0.05335,0.00586135594291827,96,0.0417153004090583,0.0649846995909417,"BG_DryBiomass",NA,"2022"
"Current","R35",0.068975,0.00586135594291827,96,0.0573403004090583,0.0806096995909417,"BG_DryBiomass",NA,"2022"
"Future","R35",0.046625,0.00586135594291827,96,0.0349903004090583,0.0582596995909417,"BG_DryBiomass",NA,"2022"
"Current","R40",0.0517,0.00586135594291827,96,0.0400653004090583,0.0633346995909417,"BG_DryBiomass",NA,"2022"
"Future","R40",0.047525,0.00586135594291827,96,0.0358903004090583,0.0591596995909417,"BG_DryBiomass",NA,"2022"
"Current","R47",0.0513499999999999,0.00586135594291827,96,0.0397153004090582,0.0629846995909416,"BG_DryBiomass",NA,"2022"
"Future","R47",0.0469750000000001,0.00586135594291827,96,0.0353403004090584,0.0586096995909417,"BG_DryBiomass",NA,"2022"
"Current","R8",0.0489499999999999,0.00586135594291837,96,0.037315300409058,0.0605846995909418,"BG_DryBiomass",NA,"2022"
"Future","R8",0.0564999999999999,0.00586135594291822,96,0.0448653004090583,0.0681346995909415,"BG_DryBiomass",NA,"2022"
"Current","B1",0.22155,0.0469839617286816,96,0.128287573075396,0.314812426924605,"TotalBiomass",NA,"2022"
"Future","B1",0.1679,0.0514683513595167,96,0.0657361300114335,0.270063869988566,"TotalBiomass",NA,"2022"
"Current","B12",0.0972333333333322,0.0664453558907202,96,-0.0346596556832736,0.229126322349938,"TotalBiomass",NA,"2022"
"Future","B12",0.128274999999999,0.0575433661648616,96,0.0140523209305568,0.242497679069442,"TotalBiomass",NA,"2022"
"Current","B13",0.280400000000001,0.0514683513595168,96,0.178236130011434,0.382563869988567,"TotalBiomass",NA,"2022"
"Future","B13",0.202925,0.0575433661648616,96,0.088702320930558,0.317147679069443,"TotalBiomass",NA,"2022"
"Current","B15",0.348760000000001,0.0514683513595167,96,0.246596130011435,0.450923869988567,"TotalBiomass",NA,"2022"
"Future","B15",0.248820000000001,0.0514683513595167,96,0.146656130011435,0.350983869988567,"TotalBiomass",NA,"2022"
"Current","B2",0.236900000000002,0.115086732329723,96,0.00845464186111661,0.465345358138887,"TotalBiomass",NA,"2022"
"Future","B2",0.207550000000001,0.0813786088549482,96,0.0460147381294067,0.369085261870596,"TotalBiomass",NA,"2022"
"Current","B3",0.307833333333334,0.0469839617286817,96,0.214570906408729,0.401095760257939,"TotalBiomass",NA,"2022"
"Future","B3",0.236160000000001,0.0514683513595167,96,0.133996130011434,0.338323869988567,"TotalBiomass",NA,"2022"
"Current","B4",NA,NA,NA,NA,NA,"TotalBiomass",NA,"2022"
"Future","B4",0.102099999999999,0.115086732329724,96,-0.126345358138887,0.330545358138884,"TotalBiomass",NA,"2022"
"Current","B8",0.4991,0.0469839617286816,96,0.405837573075395,0.592362426924604,"TotalBiomass",NA,"2022"
"Future","B8",0.32445,0.0469839617286816,96,0.231187573075395,0.417712426924605,"TotalBiomass",NA,"2022"
"Current","R11",0.799375,0.0575433661648615,96,0.685152320930557,0.913597679069442,"TotalBiomass",NA,"2022"
"Future","R11",0.767375,0.0575433661648615,96,0.653152320930557,0.881597679069442,"TotalBiomass",NA,"2022"
"Current","R2",0.526774999999999,0.0575433661648615,96,0.412552320930557,0.640997679069442,"TotalBiomass",NA,"2022"
"Future","R2",0.50715,0.0575433661648615,96,0.392927320930557,0.621372679069442,"TotalBiomass",NA,"2022"
"Current","R21",0.564025,0.0575433661648615,96,0.449802320930558,0.678247679069442,"TotalBiomass",NA,"2022"
"Future","R21",0.5032,0.06644535589072,96,0.371307010983394,0.635092989016605,"TotalBiomass",NA,"2022"
"Current","R29",0.570725,0.0575433661648615,96,0.456502320930557,0.684947679069442,"TotalBiomass",NA,"2022"
"Future","R29",0.489725,0.0575433661648615,96,0.375502320930558,0.603947679069442,"TotalBiomass",NA,"2022"
"Current","R35",0.636075,0.0575433661648615,96,0.521852320930558,0.750297679069442,"TotalBiomass",NA,"2022"
"Future","R35",0.479625,0.0575433661648615,96,0.365402320930558,0.593847679069442,"TotalBiomass",NA,"2022"
"Current","R40",0.458875,0.0575433661648615,96,0.344652320930558,0.573097679069442,"TotalBiomass",NA,"2022"
"Future","R40",0.458775,0.0575433661648616,96,0.344552320930558,0.572997679069442,"TotalBiomass",NA,"2022"
"Current","R47",0.450775,0.0575433661648615,96,0.336552320930557,0.564997679069442,"TotalBiomass",NA,"2022"
"Future","R47",0.434725,0.0575433661648615,96,0.320502320930558,0.548947679069443,"TotalBiomass",NA,"2022"
"Current","R8",0.434549999999999,0.0575433661648618,96,0.320327320930556,0.548772679069442,"TotalBiomass",NA,"2022"
"Future","R8",0.514999999999999,0.057543366164862,96,0.400777320930556,0.629222679069442,"TotalBiomass",NA,"2022"
